objectid,parentid,title,title_kana,alternative,creator,date,year,era,type,extent,call_number,description,note,collection,holding,digitizer,pages,rights,rightsstatement,source,manifest,viewing_direction,image_small,image_thumb,object_location,image_alt_text,format,display_template,group
agri_d9115c2c,,國牛十圖,コクギュウ ジュウズ,国牛十図,河東牧童甯直麿 [画],安永7 [1778],1778,江戸時代以前,図書,1軸,和:7,「国牛十図」（コクギュウジュウズ）は、農学生命科学図書館の貴重書の一つです。この資料は鎌倉末期に成った国産の牛を図説するもので、安永7(1778)年に書写されたものとして当館に所蔵されています。詳しい内容については、東京大学農学部創立125周年記念農学部図書館展示企画のサイトをご覧ください。https://www.lib.a.u-tokyo.ac.jp/tenji/125/04.html,"注記：写本、巻子本、彩色図版書名は題簽による 巻末に「安永七年歳次戊戌五月二日摹 左亰 藤貞幹」とあり 巻首に「國牛十圖叙文ノ首闕惜ヘシ又牛圖十アルヘシ今所存九ツ若一圖逸スルカ他日全本ヲ得ルヲ俟 安永七年歳次戊戌五月 藤貞幹」とあり 印記: 「游戯三昧院」,「文珠庵印」;解説URL ：http://www.lib.a.u-tokyo.ac.jp/tenji/125/04.html",農学生命科学図書館コレクション,東京大学農学生命科学図書館,東京大学農学生命科学図書館,13,CC BY 4.0,http://creativecommons.org/licenses/by/4.0/,https://da.dl.itc.u-tokyo.ac.jp/portal/assets/d9115c2c-6c49-1f2b-515e-c67ea4332ab9,https://da.dl.itc.u-tokyo.ac.jp/portal/repo/iiif/d9115c2c-6c49-1f2b-515e-c67ea4332ab9/manifest,right-to-left,"https://iiif.dl.itc.u-tokyo.ac.jp/iiif/agriculture_re/kokugyujuzu/kokugyu0012.tif/full/!1000,1000/0/default.jpg","https://iiif.dl.itc.u-tokyo.ac.jp/iiif/agriculture_re/kokugyujuzu/kokugyu0012.tif/full/!400,400/0/default.jpg",https://iiif.dl.itc.u-tokyo.ac.jp/iiif/agriculture_re/kokugyujuzu/kokugyu0012.tif/full/max/0/default.jpg,「國牛十圖」の図版（12コマ目）,image/jpeg,iiif,農学生命科学図書館
agri_29d63e58,,有用植物圖説 圖畫卷3,ユウヨウ ショクブツ ズセツ,,"田中芳男, 小野職愨撰 ; 曲直瀬愛, 小森頼信校 ; 服部雪斎図画",明治24[1891]年刊,1891,明治,図書,1冊,613:29:7,博物学者・田中芳男が監修した植物の図譜です。図譜３冊と解説３冊、目録索引１冊の計７冊で構成され、明治24年(1891)に大日本農会から刊行されました。 参考：東京大学附属図書館マルチメディア展示会「博物館・博覧会と好奇心－田中芳男男爵旧蔵資料から」 2.『有用植物図』 https://www.lib.u-tokyo.ac.jp/html/tenjikai/tenjikai94/naturhist-dir/botany_02.html,,農学生命科学図書館コレクション,東京大学農学生命科学図書館,東京大学農学生命科学図書館,49,CC BY 4.0,http://creativecommons.org/licenses/by/4.0/,https://da.dl.itc.u-tokyo.ac.jp/portal/assets/29d63e58-754f-7565-a41a-29cc2d5e4e3e,https://da.dl.itc.u-tokyo.ac.jp/portal/repo/iiif/29d63e58-754f-7565-a41a-29cc2d5e4e3e/manifest,right-to-left,"https://iiif.dl.itc.u-tokyo.ac.jp/iiif/agri_waso_re/F_yuuyoushokubutsu_07/013.tif/full/!1000,1000/0/default.jpg","https://iiif.dl.itc.u-tokyo.ac.jp/iiif/agri_waso_re/F_yuuyoushokubutsu_07/013.tif/full/!400,400/0/default.jpg",https://iiif.dl.itc.u-tokyo.ac.jp/iiif/agri_waso_re/F_yuuyoushokubutsu_07/013.tif/full/max/0/default.jpg,「有用植物圖説 圖畫卷3」の図版（13コマ目）,image/jpeg,iiif,農学生命科学図書館
agri_5bfde8bf,,有用植物圖説 圖畫卷1,ユウヨウ ショクブツ ズセツ,,"田中芳男, 小野職愨撰 ; 曲直瀬愛, 小森頼信校 ; 服部雪斎図画",明治24[1891]年刊,1891,明治,図書,1冊,613:29:5,博物学者・田中芳男が監修した植物の図譜です。図譜３冊と解説３冊、目録索引１冊の計７冊で構成され、明治24年(1891)に大日本農会から刊行されました。 参考：東京大学附属図書館マルチメディア展示会「博物館・博覧会と好奇心－田中芳男男爵旧蔵資料から」 2.『有用植物図』 https://www.lib.u-tokyo.ac.jp/html/tenjikai/tenjikai94/naturhist-dir/botany_02.html,,農学生命科学図書館コレクション,東京大学農学生命科学図書館,東京大学農学生命科学図書館,47,CC BY 4.0,http://creativecommons.org/licenses/by/4.0/,https://da.dl.itc.u-tokyo.ac.jp/portal/assets/5bfde8bf-0b54-7848-97d6-1ee30cf9a645,https://da.dl.itc.u-tokyo.ac.jp/portal/repo/iiif/5bfde8bf-0b54-7848-97d6-1ee30cf9a645/manifest,right-to-left,"https://iiif.dl.itc.u-tokyo.ac.jp/iiif/agri_waso_re/F_yuuyoushokubutsu_05/012.tif/full/!1000,1000/0/default.jpg","https://iiif.dl.itc.u-tokyo.ac.jp/iiif/agri_waso_re/F_yuuyoushokubutsu_05/012.tif/full/!400,400/0/default.jpg",https://iiif.dl.itc.u-tokyo.ac.jp/iiif/agri_waso_re/F_yuuyoushokubutsu_05/012.tif/full/max/0/default.jpg,「有用植物圖説 圖畫卷1」の図版（12コマ目）,image/jpeg,iiif,農学生命科学図書館
agri_87c1c4a4,,有用植物圖説 目録索引,ユウヨウ ショクブツ ズセツ,,"田中芳男, 小野職愨撰 ; 曲直瀬愛, 小森頼信校 ; 服部雪斎図画",明治24[1891]年刊,1891,明治,図書,1冊,613:29:1,博物学者・田中芳男が監修した植物の図譜です。図譜３冊と解説３冊、目録索引１冊の計７冊で構成され、明治24年(1891)に大日本農会から刊行されました。 参考：東京大学附属図書館マルチメディア展示会「博物館・博覧会と好奇心－田中芳男男爵旧蔵資料から」 2.『有用植物図』 https://www.lib.u-tokyo.ac.jp/html/tenjikai/tenjikai94/naturhist-dir/botany_02.html,,農学生命科学図書館コレクション,東京大学農学生命科学図書館,東京大学農学生命科学図書館,85,CC BY 4.0,http://creativecommons.org/licenses/by/4.0/,https://da.dl.itc.u-tokyo.ac.jp/portal/assets/87c1c4a4-9cce-5b5f-a5a4-ad58e2240372,https://da.dl.itc.u-tokyo.ac.jp/portal/repo/iiif/87c1c4a4-9cce-5b5f-a5a4-ad58e2240372/manifest,right-to-left,"https://iiif.dl.itc.u-tokyo.ac.jp/iiif/agri_waso_re/F_yuuyoushokubutsu_01/002.tif/full/!1000,1000/0/default.jpg","https://iiif.dl.itc.u-tokyo.ac.jp/iiif/agri_waso_re/F_yuuyoushokubutsu_01/002.tif/full/!400,400/0/default.jpg",https://iiif.dl.itc.u-tokyo.ac.jp/iiif/agri_waso_re/F_yuuyoushokubutsu_01/002.tif/full/max/0/default.jpg,「有用植物圖説 目録索引」の図版（2コマ目）,image/jpeg,iiif,農学生命科学図書館
agri_7844f0c7,,有用植物圖説 圖畫卷2,ユウヨウ ショクブツ ズセツ,,"田中芳男, 小野職愨撰 ; 曲直瀬愛, 小森頼信校 ; 服部雪斎図画",明治24[1891]年刊,1891,明治,図書,1冊,613:29:6,博物学者・田中芳男が監修した植物の図譜です。図譜３冊と解説３冊、目録索引１冊の計７冊で構成され、明治24年(1891)に大日本農会から刊行されました。 参考：東京大学附属図書館マルチメディア展示会「博物館・博覧会と好奇心－田中芳男男爵旧蔵資料から」 2.『有用植物図』 https://www.lib.u-tokyo.ac.jp/html/tenjikai/tenjikai94/naturhist-dir/botany_02.html,,農学生命科学図書館コレクション,東京大学農学生命科学図書館,東京大学農学生命科学図書館,46,CC BY 4.0,http://creativecommons.org/licenses/by/4.0/,https://da.dl.itc.u-tokyo.ac.jp/portal/assets/7844f0c7-2434-7b74-15df-c74b0e3c8e38,https://da.dl.itc.u-tokyo.ac.jp/portal/repo/iiif/7844f0c7-2434-7b74-15df-c74b0e3c8e38/manifest,right-to-left,"https://iiif.dl.itc.u-tokyo.ac.jp/iiif/agri_waso_re/F_yuuyoushokubutsu_06/012.tif/full/!1000,1000/0/default.jpg","https://iiif.dl.itc.u-tokyo.ac.jp/iiif/agri_waso_re/F_yuuyoushokubutsu_06/012.tif/full/!400,400/0/default.jpg",https://iiif.dl.itc.u-tokyo.ac.jp/iiif/agri_waso_re/F_yuuyoushokubutsu_06/012.tif/full/max/0/default.jpg,「有用植物圖説 圖畫卷2」の図版（12コマ目）,image/jpeg,iiif,農学生命科学図書館
agri_bb4b00b5,,有用植物圖説 解説卷1,ユウヨウ ショクブツ ズセツ,,"田中芳男, 小野職愨撰 ; 曲直瀬愛, 小森頼信校 ; 服部雪斎図画",明治24[1891]年刊,1891,明治,図書,1冊,613:29:2,博物学者・田中芳男が監修した植物の図譜です。図譜３冊と解説３冊、目録索引１冊の計７冊で構成され、明治24年(1891)に大日本農会から刊行されました。 参考：東京大学附属図書館マルチメディア展示会「博物館・博覧会と好奇心－田中芳男男爵旧蔵資料から」 2.『有用植物図』 https://www.lib.u-tokyo.ac.jp/html/tenjikai/tenjikai94/naturhist-dir/botany_02.html,,農学生命科学図書館コレクション,東京大学農学生命科学図書館,東京大学農学生命科学図書館,78,CC BY 4.0,http://creativecommons.org/licenses/by/4.0/,https://da.dl.itc.u-tokyo.ac.jp/portal/assets/bb4b00b5-8a54-3698-656b-2b5baaa40938,https://da.dl.itc.u-tokyo.ac.jp/portal/repo/iiif/bb4b00b5-8a54-3698-656b-2b5baaa40938/manifest,right-to-left,"https://iiif.dl.itc.u-tokyo.ac.jp/iiif/agri_waso_re/F_yuuyoushokubutsu_02/002.tif/full/!1000,1000/0/default.jpg","https://iiif.dl.itc.u-tokyo.ac.jp/iiif/agri_waso_re/F_yuuyoushokubutsu_02/002.tif/full/!400,400/0/default.jpg",https://iiif.dl.itc.u-tokyo.ac.jp/iiif/agri_waso_re/F_yuuyoushokubutsu_02/002.tif/full/max/0/default.jpg,「有用植物圖説 解説卷1」の図版（2コマ目）,image/jpeg,iiif,農学生命科学図書館
agri_42dfe305,,有用植物圖説 解説卷2,ユウヨウ ショクブツ ズセツ,,"田中芳男, 小野職愨撰 ; 曲直瀬愛, 小森頼信校 ; 服部雪斎図画",明治24[1891]年刊,1891,明治,図書,1冊,613:29:3,博物学者・田中芳男が監修した植物の図譜です。図譜３冊と解説３冊、目録索引１冊の計７冊で構成され、明治24年(1891)に大日本農会から刊行されました。 参考：東京大学附属図書館マルチメディア展示会「博物館・博覧会と好奇心－田中芳男男爵旧蔵資料から」 2.『有用植物図』 https://www.lib.u-tokyo.ac.jp/html/tenjikai/tenjikai94/naturhist-dir/botany_02.html,,農学生命科学図書館コレクション,東京大学農学生命科学図書館,東京大学農学生命科学図書館,71,CC BY 4.0,http://creativecommons.org/licenses/by/4.0/,https://da.dl.itc.u-tokyo.ac.jp/portal/assets/42dfe305-0e6e-4d22-298a-d3895726a29a,https://da.dl.itc.u-tokyo.ac.jp/portal/repo/iiif/42dfe305-0e6e-4d22-298a-d3895726a29a/manifest,right-to-left,"https://iiif.dl.itc.u-tokyo.ac.jp/iiif/agri_waso_re/F_yuuyoushokubutsu_03/003.tif/full/!1000,1000/0/default.jpg","https://iiif.dl.itc.u-tokyo.ac.jp/iiif/agri_waso_re/F_yuuyoushokubutsu_03/003.tif/full/!400,400/0/default.jpg",https://iiif.dl.itc.u-tokyo.ac.jp/iiif/agri_waso_re/F_yuuyoushokubutsu_03/003.tif/full/max/0/default.jpg,「有用植物圖説 解説卷2」の図版（3コマ目）,image/jpeg,iiif,農学生命科学図書館
agri_6041ed83,,有用植物圖説 解説卷3,ユウヨウ ショクブツ ズセツ,,"田中芳男, 小野職愨撰 ; 曲直瀬愛, 小森頼信校 ; 服部雪斎図画",明治24[1891]年刊,1891,明治,図書,1冊,613:29:4,博物学者・田中芳男が監修した植物の図譜です。図譜３冊と解説３冊、目録索引１冊の計７冊で構成され、明治24年(1891)に大日本農会から刊行されました。 参考：東京大学附属図書館マルチメディア展示会「博物館・博覧会と好奇心－田中芳男男爵旧蔵資料から」 2.『有用植物図』 https://www.lib.u-tokyo.ac.jp/html/tenjikai/tenjikai94/naturhist-dir/botany_02.html,,農学生命科学図書館コレクション,東京大学農学生命科学図書館,東京大学農学生命科学図書館,59,CC BY 4.0,http://creativecommons.org/licenses/by/4.0/,https://da.dl.itc.u-tokyo.ac.jp/portal/assets/6041ed83-59e7-7bc0-196d-c7ed8d01673d,https://da.dl.itc.u-tokyo.ac.jp/portal/repo/iiif/6041ed83-59e7-7bc0-196d-c7ed8d01673d/manifest,right-to-left,"https://iiif.dl.itc.u-tokyo.ac.jp/iiif/agri_waso_re/F_yuuyoushokubutsu_04/003.tif/full/!1000,1000/0/default.jpg","https://iiif.dl.itc.u-tokyo.ac.jp/iiif/agri_waso_re/F_yuuyoushokubutsu_04/003.tif/full/!400,400/0/default.jpg",https://iiif.dl.itc.u-tokyo.ac.jp/iiif/agri_waso_re/F_yuuyoushokubutsu_04/003.tif/full/max/0/default.jpg,「有用植物圖説 解説卷3」の図版（3コマ目）,image/jpeg,iiif,農学生命科学図書館
agri_627f6b5d,,彩色寫生輸出百合花集,サイショク シャセイ ユシュツ ユリ カシュウ : ゼン,,池田次郎吉編,1895年8月刊,1895,明治,図書,1冊,613:44,明治28年（1895年）8月に刊行されたユリの花の図譜です。当時、日本から欧米へユリの球根が輸出されており、この資料もそのためのカタログのような意味合いがあると推察されます。なお、当館の蔵書は早世した学友への弔慰金により購入し寄贈されたもので、賛同者の名簿などが表紙裏に貼付されています。 参考： 国立公文書館アジア歴史資料センター Webサイト「ユリ根の輸出 ～欧米で愛好された日本の草花～」https://www.jacar.go.jp/modernjapan/p02.html,,農学生命科学図書館コレクション,東京大学農学生命科学図書館,東京大学農学生命科学図書館,29,CC BY 4.0,http://creativecommons.org/licenses/by/4.0/,https://da.dl.itc.u-tokyo.ac.jp/portal/assets/627f6b5d-4e4c-81e1-7954-bd451f567a45,https://da.dl.itc.u-tokyo.ac.jp/portal/repo/iiif/627f6b5d-4e4c-81e1-7954-bd451f567a45/manifest,right-to-left,"https://iiif.dl.itc.u-tokyo.ac.jp/iiif/agri_waso_re/D_yushutsuyuri/006.tif/full/!1000,1000/0/default.jpg","https://iiif.dl.itc.u-tokyo.ac.jp/iiif/agri_waso_re/D_yushutsuyuri/006.tif/full/!400,400/0/default.jpg",https://iiif.dl.itc.u-tokyo.ac.jp/iiif/agri_waso_re/D_yushutsuyuri/006.tif/full/max/0/default.jpg,「彩色寫生輸出百合花集」の図版（6コマ目）,image/jpeg,iiif,農学生命科学図書館
agri_2c310bb0,,日本森林樹木図譜 第一秩,ニホン シンリン ジュモク ズフ,,"白澤保美編著 ; 丸山宣光,大石榮雄畫",1900-1908,1900,明治,図書,1冊,650:21:1,農商務省が刊行した図譜のひとつで、樹木類を集めたものです。製本されていない状態で頒布されたものを自家製本しています。もともと第1帙88枚、第2帙74枚、計162枚のカラー図版から構成されていますが、他館の蔵書と比べると当館の蔵書にはモノクロ図版（図の番号にaが付与されている）や索引があり、自家製本の際に追加したと考えられます。,巻号：第一秩,農学生命科学図書館コレクション,東京大学農学生命科学図書館,東京大学農学生命科学図書館,102,CC BY 4.0,http://creativecommons.org/licenses/by/4.0/,https://da.dl.itc.u-tokyo.ac.jp/portal/assets/2c310bb0-6cb1-4f7b-2b7d-7d6255cf680e,https://da.dl.itc.u-tokyo.ac.jp/portal/repo/iiif/2c310bb0-6cb1-4f7b-2b7d-7d6255cf680e/manifest,right-to-left,"https://iiif.dl.itc.u-tokyo.ac.jp/iiif/agri_waso20201006_re/02_nihonshinrinjumokuzuhu_01/026.tif/full/!1000,1000/0/default.jpg","https://iiif.dl.itc.u-tokyo.ac.jp/iiif/agri_waso20201006_re/02_nihonshinrinjumokuzuhu_01/026.tif/full/!400,400/0/default.jpg",https://iiif.dl.itc.u-tokyo.ac.jp/iiif/agri_waso20201006_re/02_nihonshinrinjumokuzuhu_01/026.tif/full/max/0/default.jpg,「日本森林樹木図譜 第一秩」の図版（26コマ目）,image/jpeg,iiif,農学生命科学図書館
agri_70f02bc2,,日本森林樹木図譜 第二秩,ニホン シンリン ジュモク ズフ,,"白澤保美編著 ; 丸山宣光,大石榮雄畫",1900-1908,1900,明治,図書,1冊,650:21:2,農商務省が刊行した図譜のひとつで、樹木類を集めたものです。製本されていない状態で頒布されたものを自家製本しています。もともと第1帙88枚、第2帙74枚、計162枚のカラー図版から構成されていますが、他館の蔵書と比べると当館の蔵書にはモノクロ図版（図の番号にaが付与されている）や索引があり、自家製本の際に追加したと考えられます。,巻号：第二秩,農学生命科学図書館コレクション,東京大学農学生命科学図書館,東京大学農学生命科学図書館,84,CC BY 4.0,http://creativecommons.org/licenses/by/4.0/,https://da.dl.itc.u-tokyo.ac.jp/portal/assets/70f02bc2-6f66-84ec-3578-058a8d03668c,https://da.dl.itc.u-tokyo.ac.jp/portal/repo/iiif/70f02bc2-6f66-84ec-3578-058a8d03668c/manifest,right-to-left,"https://iiif.dl.itc.u-tokyo.ac.jp/iiif/agri_waso20201006_re/03_nihonshinrinjumokuzuhu_02/022.tif/full/!1000,1000/0/default.jpg","https://iiif.dl.itc.u-tokyo.ac.jp/iiif/agri_waso20201006_re/03_nihonshinrinjumokuzuhu_02/022.tif/full/!400,400/0/default.jpg",https://iiif.dl.itc.u-tokyo.ac.jp/iiif/agri_waso20201006_re/03_nihonshinrinjumokuzuhu_02/022.tif/full/max/0/default.jpg,「日本森林樹木図譜 第二秩」の図版（22コマ目）,image/jpeg,iiif,農学生命科学図書館
agri_f9dbea50,,日本菌類圖譜,ニホン キンルイ ズフ,,農商務省山林局 [編纂],1912-1925,1912,大正,図書,1冊,613.747:N77,農商務省が刊行した図譜のひとつで、キノコ類を集めたものです。製本されていない状態で頒布された第１～４集を１冊にまとめて自家製本しています。なお、後年、第5集と目録が農林省林業試験場から発行されましたが、当館では所蔵していません。,注記：奥付は第4集のもの。;巻号：第1~4集合冊,農学生命科学図書館コレクション,東京大学農学生命科学図書館,東京大学農学生命科学図書館,90,CC BY 4.0,http://creativecommons.org/licenses/by/4.0/,https://da.dl.itc.u-tokyo.ac.jp/portal/assets/f9dbea50-3d74-5d6e-03f2-b5bf339b5a2b,https://da.dl.itc.u-tokyo.ac.jp/portal/repo/iiif/f9dbea50-3d74-5d6e-03f2-b5bf339b5a2b/manifest,right-to-left,"https://iiif.dl.itc.u-tokyo.ac.jp/iiif/agri_waso20201006_re/04_nihonkinruizuhu_01-04/023.tif/full/!1000,1000/0/default.jpg","https://iiif.dl.itc.u-tokyo.ac.jp/iiif/agri_waso20201006_re/04_nihonkinruizuhu_01-04/023.tif/full/!400,400/0/default.jpg",https://iiif.dl.itc.u-tokyo.ac.jp/iiif/agri_waso20201006_re/04_nihonkinruizuhu_01-04/023.tif/full/max/0/default.jpg,「日本菌類圖譜」の図版（23コマ目）,image/jpeg,iiif,農学生命科学図書館
agri_c2466a42,,日本竹類圖譜,ニホン チクルイ ズフ,,農商務省山林局編纂,1912,1912,大正,図書,1冊,613.793:N77-N,農商務省が刊行した図譜のひとつで、竹類を集めたものです。本文（解説）と図版の２冊で構成されていますが、当館は図版のみ所蔵しています。資料の詳細は附属千葉演習林 久本洋子助教によるコラム「タケ類の花と開花のよもやま話」をご参照ください。 https://www.lib.a.u-tokyo.ac.jp/website2022/wp-content/uploads/2023/06/lounge-column202004.pdf また、解説は国立国会図書館デジタルコレクションでご覧いただけます。 https://dl.ndl.go.jp/info:ndljp/pid/832592,巻号：[図版],農学生命科学図書館コレクション,東京大学農学生命科学図書館,東京大学農学生命科学図書館,22,CC BY 4.0,http://creativecommons.org/licenses/by/4.0/,https://da.dl.itc.u-tokyo.ac.jp/portal/assets/c2466a42-0add-7f2b-7d11-58aaebea953f,https://da.dl.itc.u-tokyo.ac.jp/portal/repo/iiif/c2466a42-0add-7f2b-7d11-58aaebea953f/manifest,right-to-left,"https://iiif.dl.itc.u-tokyo.ac.jp/iiif/agri_waso20201006_re/01_nihonchikuruizuhu/004.tif/full/!1000,1000/0/default.jpg","https://iiif.dl.itc.u-tokyo.ac.jp/iiif/agri_waso20201006_re/01_nihonchikuruizuhu/004.tif/full/!400,400/0/default.jpg",https://iiif.dl.itc.u-tokyo.ac.jp/iiif/agri_waso20201006_re/01_nihonchikuruizuhu/004.tif/full/max/0/default.jpg,「日本竹類圖譜」の図版（4コマ目）,image/jpeg,iiif,農学生命科学図書館
agri_9c79a3bb,,農科大學桑樹見本園各種摺葉譜 四,ノウカ ダイガク ソウジュ ミホンエン カクシュ ショウヨウフ,,佐々木忠次郎 [著],大正7年(1918)12月序,1918,大正,図書,,630:90:4,東京帝国大学農科大学の桑樹見本園で育てられていた桑樹、約750種類の葉を魚拓のように写し取ったものです。様々な形の桑の葉をご覧いただけます。本資料の序文によると、農科大学の前身である駒場農学校では明治14年（1881）に桑園を設置し、明治17年（1884）に増設しました。当時植えられていた桑は100種程度でした。明治21年（1888）に日本各地の桑種を収集して桑樹見本園となり、本資料が作成された大正7年（1918）には約750種を育て、外来種の収集にも努めていたようです。,,農学生命科学図書館コレクション,東京大学農学生命科学図書館,東京大学農学生命科学図書館,142,CC BY 4.0,http://creativecommons.org/licenses/by/4.0/,https://da.dl.itc.u-tokyo.ac.jp/portal/assets/9c79a3bb-34da-25bf-4243-4ba1709556a9,https://da.dl.itc.u-tokyo.ac.jp/portal/repo/iiif/9c79a3bb-34da-25bf-4243-4ba1709556a9/manifest,right-to-left,"https://iiif.dl.itc.u-tokyo.ac.jp/iiif/soju/soju_4/003.tif/full/!1000,1000/0/default.jpg","https://iiif.dl.itc.u-tokyo.ac.jp/iiif/soju/soju_4/003.tif/full/!400,400/0/default.jpg",https://iiif.dl.itc.u-tokyo.ac.jp/iiif/soju/soju_4/003.tif/full/max/0/default.jpg,「農科大學桑樹見本園各種摺葉譜 四」の図版（3コマ目）,image/jpeg,iiif,農学生命科学図書館
agri_58f3ea6c,,農科大學桑樹見本園各種摺葉譜 五,ノウカ ダイガク ソウジュ ミホンエン カクシュ ショウヨウフ,,佐々木忠次郎 [著],大正7年(1918)12月序,1918,大正,図書,,630:90:5,東京帝国大学農科大学の桑樹見本園で育てられていた桑樹、約750種類の葉を魚拓のように写し取ったものです。様々な形の桑の葉をご覧いただけます。本資料の序文によると、農科大学の前身である駒場農学校では明治14年（1881）に桑園を設置し、明治17年（1884）に増設しました。当時植えられていた桑は100種程度でした。明治21年（1888）に日本各地の桑種を収集して桑樹見本園となり、本資料が作成された大正7年（1918）には約750種を育て、外来種の収集にも努めていたようです。,,農学生命科学図書館コレクション,東京大学農学生命科学図書館,東京大学農学生命科学図書館,145,CC BY 4.0,http://creativecommons.org/licenses/by/4.0/,https://da.dl.itc.u-tokyo.ac.jp/portal/assets/58f3ea6c-3626-9cbb-6cf8-33078f6e41bc,https://da.dl.itc.u-tokyo.ac.jp/portal/repo/iiif/58f3ea6c-3626-9cbb-6cf8-33078f6e41bc/manifest,right-to-left,"https://iiif.dl.itc.u-tokyo.ac.jp/iiif/soju/soju_5/003.tif/full/!1000,1000/0/default.jpg","https://iiif.dl.itc.u-tokyo.ac.jp/iiif/soju/soju_5/003.tif/full/!400,400/0/default.jpg",https://iiif.dl.itc.u-tokyo.ac.jp/iiif/soju/soju_5/003.tif/full/max/0/default.jpg,「農科大學桑樹見本園各種摺葉譜 五」の図版（3コマ目）,image/jpeg,iiif,農学生命科学図書館
agri_3e6f484d,,農科大學桑樹見本園各種摺葉譜 一,ノウカ ダイガク ソウジュ ミホンエン カクシュ ショウヨウフ,,佐々木忠次郎 [著],大正7年(1918)12月序,1918,大正,図書,,630:90:1,東京帝国大学農科大学の桑樹見本園で育てられていた桑樹、約750種類の葉を魚拓のように写し取ったものです。様々な形の桑の葉をご覧いただけます。本資料の序文によると、農科大学の前身である駒場農学校では明治14年（1881）に桑園を設置し、明治17年（1884）に増設しました。当時植えられていた桑は100種程度でした。明治21年（1888）に日本各地の桑種を収集して桑樹見本園となり、本資料が作成された大正7年（1918）には約750種を育て、外来種の収集にも努めていたようです。,,農学生命科学図書館コレクション,東京大学農学生命科学図書館,東京大学農学生命科学図書館,171,CC BY 4.0,http://creativecommons.org/licenses/by/4.0/,https://da.dl.itc.u-tokyo.ac.jp/portal/assets/3e6f484d-a4e0-7073-4365-b287924d423a,https://da.dl.itc.u-tokyo.ac.jp/portal/repo/iiif/3e6f484d-a4e0-7073-4365-b287924d423a/manifest,right-to-left,"https://iiif.dl.itc.u-tokyo.ac.jp/iiif/soju/soju_1/043.tif/full/!1000,1000/0/default.jpg","https://iiif.dl.itc.u-tokyo.ac.jp/iiif/soju/soju_1/043.tif/full/!400,400/0/default.jpg",https://iiif.dl.itc.u-tokyo.ac.jp/iiif/soju/soju_1/043.tif/full/max/0/default.jpg,「農科大學桑樹見本園各種摺葉譜 一」の図版（43コマ目）,image/jpeg,iiif,農学生命科学図書館
agri_a09fc5f4,,農科大學桑樹見本園各種摺葉譜 三,ノウカ ダイガク ソウジュ ミホンエン カクシュ ショウヨウフ,,佐々木忠次郎 [著],大正7年(1918)12月序,1918,大正,図書,,630:90:3,東京帝国大学農科大学の桑樹見本園で育てられていた桑樹、約750種類の葉を魚拓のように写し取ったものです。様々な形の桑の葉をご覧いただけます。本資料の序文によると、農科大学の前身である駒場農学校では明治14年（1881）に桑園を設置し、明治17年（1884）に増設しました。当時植えられていた桑は100種程度でした。明治21年（1888）に日本各地の桑種を収集して桑樹見本園となり、本資料が作成された大正7年（1918）には約750種を育て、外来種の収集にも努めていたようです。,,農学生命科学図書館コレクション,東京大学農学生命科学図書館,東京大学農学生命科学図書館,178,CC BY 4.0,http://creativecommons.org/licenses/by/4.0/,https://da.dl.itc.u-tokyo.ac.jp/portal/assets/a09fc5f4-8edc-0d46-7340-e2768dbf7a05,https://da.dl.itc.u-tokyo.ac.jp/portal/repo/iiif/a09fc5f4-8edc-0d46-7340-e2768dbf7a05/manifest,right-to-left,"https://iiif.dl.itc.u-tokyo.ac.jp/iiif/soju/soju_3/003.tif/full/!1000,1000/0/default.jpg","https://iiif.dl.itc.u-tokyo.ac.jp/iiif/soju/soju_3/003.tif/full/!400,400/0/default.jpg",https://iiif.dl.itc.u-tokyo.ac.jp/iiif/soju/soju_3/003.tif/full/max/0/default.jpg,「農科大學桑樹見本園各種摺葉譜 三」の図版（3コマ目）,image/jpeg,iiif,農学生命科学図書館
agri_f3bfde97,,農科大學桑樹見本園各種摺葉譜 二,ノウカ ダイガク ソウジュ ミホンエン カクシュ ショウヨウフ,,佐々木忠次郎 [著],大正7年(1918)12月序,1918,大正,図書,,630:90:2,東京帝国大学農科大学の桑樹見本園で育てられていた桑樹、約750種類の葉を魚拓のように写し取ったものです。様々な形の桑の葉をご覧いただけます。本資料の序文によると、農科大学の前身である駒場農学校では明治14年（1881）に桑園を設置し、明治17年（1884）に増設しました。当時植えられていた桑は100種程度でした。明治21年（1888）に日本各地の桑種を収集して桑樹見本園となり、本資料が作成された大正7年（1918）には約750種を育て、外来種の収集にも努めていたようです。,,農学生命科学図書館コレクション,東京大学農学生命科学図書館,東京大学農学生命科学図書館,173,CC BY 4.0,http://creativecommons.org/licenses/by/4.0/,https://da.dl.itc.u-tokyo.ac.jp/portal/assets/f3bfde97-6dfb-3f09-33af-0c615a250268,https://da.dl.itc.u-tokyo.ac.jp/portal/repo/iiif/f3bfde97-6dfb-3f09-33af-0c615a250268/manifest,right-to-left,"https://iiif.dl.itc.u-tokyo.ac.jp/iiif/soju/soju_2/003.tif/full/!1000,1000/0/default.jpg","https://iiif.dl.itc.u-tokyo.ac.jp/iiif/soju/soju_2/003.tif/full/!400,400/0/default.jpg",https://iiif.dl.itc.u-tokyo.ac.jp/iiif/soju/soju_2/003.tif/full/max/0/default.jpg,「農科大學桑樹見本園各種摺葉譜 二」の図版（3コマ目）,image/jpeg,iiif,農学生命科学図書館
agri_4e17a945,,群芳圖譜 第1輯第8編,グンボウ ズフ,,"和田英作,佐藤醇吉著",1919-1920,1919,大正,図書,1冊,613:87:8,さまざまな花の図譜です。それぞれの植物についてカラー図版、モノクロ図版、解説文で構成されています。本書のカラー図版は他の図譜（例えば農商務省による図譜）と比べて色彩が淡く、絵画的な構図で描かれているのが特徴です。一方、モノクロ図版は全体像に加え細部を分解して描かれており、解説文と合わせて図譜（図鑑）としての役割を果たしていると言えるでしょう。各輯の序文を森林太郎（鴎外）はじめ当時の文化人が執筆し、興趣を添えています。なお、当館では第１輯の第１編～第10編 計10冊を所蔵していますが、第2輯以降は刊行されなかったと思われます。,巻号：第1輯第8編,農学生命科学図書館コレクション,東京大学農学生命科学図書館,東京大学農学生命科学図書館,21,CC BY 4.0,http://creativecommons.org/licenses/by/4.0/,https://da.dl.itc.u-tokyo.ac.jp/portal/assets/4e17a945-4320-171d-142e-bd3838ba1cfa,https://da.dl.itc.u-tokyo.ac.jp/portal/repo/iiif/4e17a945-4320-171d-142e-bd3838ba1cfa/manifest,right-to-left,"https://iiif.dl.itc.u-tokyo.ac.jp/iiif/agri_waso20201006_re/12_gunbozuhu_08/006.tif/full/!1000,1000/0/default.jpg","https://iiif.dl.itc.u-tokyo.ac.jp/iiif/agri_waso20201006_re/12_gunbozuhu_08/006.tif/full/!400,400/0/default.jpg",https://iiif.dl.itc.u-tokyo.ac.jp/iiif/agri_waso20201006_re/12_gunbozuhu_08/006.tif/full/max/0/default.jpg,「群芳圖譜 第1輯第8編」の図版（6コマ目）,image/jpeg,iiif,農学生命科学図書館
agri_8d83cc45,,群芳圖譜 第1輯第4編,グンボウ ズフ,,"和田英作,佐藤醇吉著",1919-1920,1919,大正,図書,1冊,613:87:4,さまざまな花の図譜です。それぞれの植物についてカラー図版、モノクロ図版、解説文で構成されています。本書のカラー図版は他の図譜（例えば農商務省による図譜）と比べて色彩が淡く、絵画的な構図で描かれているのが特徴です。一方、モノクロ図版は全体像に加え細部を分解して描かれており、解説文と合わせて図譜（図鑑）としての役割を果たしていると言えるでしょう。各輯の序文を森林太郎（鴎外）はじめ当時の文化人が執筆し、興趣を添えています。なお、当館では第１輯の第１編～第10編 計10冊を所蔵していますが、第2輯以降は刊行されなかったと思われます。,巻号：第1輯第4編,農学生命科学図書館コレクション,東京大学農学生命科学図書館,東京大学農学生命科学図書館,24,CC BY 4.0,http://creativecommons.org/licenses/by/4.0/,https://da.dl.itc.u-tokyo.ac.jp/portal/assets/8d83cc45-79ff-0188-659b-7ca5fd48849e,https://da.dl.itc.u-tokyo.ac.jp/portal/repo/iiif/8d83cc45-79ff-0188-659b-7ca5fd48849e/manifest,right-to-left,"https://iiif.dl.itc.u-tokyo.ac.jp/iiif/agri_waso20201006_re/08_gunbozuhu_04/004.tif/full/!1000,1000/0/default.jpg","https://iiif.dl.itc.u-tokyo.ac.jp/iiif/agri_waso20201006_re/08_gunbozuhu_04/004.tif/full/!400,400/0/default.jpg",https://iiif.dl.itc.u-tokyo.ac.jp/iiif/agri_waso20201006_re/08_gunbozuhu_04/004.tif/full/max/0/default.jpg,「群芳圖譜 第1輯第4編」の図版（4コマ目）,image/jpeg,iiif,農学生命科学図書館
agri_c9f1ab4e,,群芳圖譜 第1輯第10編,グンボウ ズフ,,"和田英作,佐藤醇吉著",1919-1920,1919,大正,図書,1冊,613:87:10,さまざまな花の図譜です。それぞれの植物についてカラー図版、モノクロ図版、解説文で構成されています。本書のカラー図版は他の図譜（例えば農商務省による図譜）と比べて色彩が淡く、絵画的な構図で描かれているのが特徴です。一方、モノクロ図版は全体像に加え細部を分解して描かれており、解説文と合わせて図譜（図鑑）としての役割を果たしていると言えるでしょう。各輯の序文を森林太郎（鴎外）はじめ当時の文化人が執筆し、興趣を添えています。なお、当館では第１輯の第１編～第10編 計10冊を所蔵していますが、第2輯以降は刊行されなかったと思われます。,巻号：第1輯第10編,農学生命科学図書館コレクション,東京大学農学生命科学図書館,東京大学農学生命科学図書館,19,CC BY 4.0,http://creativecommons.org/licenses/by/4.0/,https://da.dl.itc.u-tokyo.ac.jp/portal/assets/c9f1ab4e-6bf9-997c-95a7-572c5e6b2597,https://da.dl.itc.u-tokyo.ac.jp/portal/repo/iiif/c9f1ab4e-6bf9-997c-95a7-572c5e6b2597/manifest,right-to-left,"https://iiif.dl.itc.u-tokyo.ac.jp/iiif/agri_waso20201006_re/14_gunbozuhu_10/003.tif/full/!1000,1000/0/default.jpg","https://iiif.dl.itc.u-tokyo.ac.jp/iiif/agri_waso20201006_re/14_gunbozuhu_10/003.tif/full/!400,400/0/default.jpg",https://iiif.dl.itc.u-tokyo.ac.jp/iiif/agri_waso20201006_re/14_gunbozuhu_10/003.tif/full/max/0/default.jpg,「群芳圖譜 第1輯第10編」の図版（3コマ目）,image/jpeg,iiif,農学生命科学図書館
agri_05fc859e,,群芳圖譜 第1輯第6編,グンボウ ズフ,,"和田英作,佐藤醇吉著",1919-1920,1919,大正,図書,1冊,613:87:6,さまざまな花の図譜です。それぞれの植物についてカラー図版、モノクロ図版、解説文で構成されています。本書のカラー図版は他の図譜（例えば農商務省による図譜）と比べて色彩が淡く、絵画的な構図で描かれているのが特徴です。一方、モノクロ図版は全体像に加え細部を分解して描かれており、解説文と合わせて図譜（図鑑）としての役割を果たしていると言えるでしょう。各輯の序文を森林太郎（鴎外）はじめ当時の文化人が執筆し、興趣を添えています。なお、当館では第１輯の第１編～第10編 計10冊を所蔵していますが、第2輯以降は刊行されなかったと思われます。,巻号：第1輯第6編,農学生命科学図書館コレクション,東京大学農学生命科学図書館,東京大学農学生命科学図書館,20,CC BY 4.0,http://creativecommons.org/licenses/by/4.0/,https://da.dl.itc.u-tokyo.ac.jp/portal/assets/05fc859e-3db1-5c8b-323f-e11d3e9010cc,https://da.dl.itc.u-tokyo.ac.jp/portal/repo/iiif/05fc859e-3db1-5c8b-323f-e11d3e9010cc/manifest,right-to-left,"https://iiif.dl.itc.u-tokyo.ac.jp/iiif/agri_waso20201006_re/10_gunbozuhu_06/004.tif/full/!1000,1000/0/default.jpg","https://iiif.dl.itc.u-tokyo.ac.jp/iiif/agri_waso20201006_re/10_gunbozuhu_06/004.tif/full/!400,400/0/default.jpg",https://iiif.dl.itc.u-tokyo.ac.jp/iiif/agri_waso20201006_re/10_gunbozuhu_06/004.tif/full/max/0/default.jpg,「群芳圖譜 第1輯第6編」の図版（4コマ目）,image/jpeg,iiif,農学生命科学図書館
agri_e443b3ea,,群芳圖譜 第1輯第3編,グンボウ ズフ,,"和田英作,佐藤醇吉著",1919-1920,1919,大正,図書,1冊,613:87:3,さまざまな花の図譜です。それぞれの植物についてカラー図版、モノクロ図版、解説文で構成されています。本書のカラー図版は他の図譜（例えば農商務省による図譜）と比べて色彩が淡く、絵画的な構図で描かれているのが特徴です。一方、モノクロ図版は全体像に加え細部を分解して描かれており、解説文と合わせて図譜（図鑑）としての役割を果たしていると言えるでしょう。各輯の序文を森林太郎（鴎外）はじめ当時の文化人が執筆し、興趣を添えています。なお、当館では第１輯の第１編～第10編 計10冊を所蔵していますが、第2輯以降は刊行されなかったと思われます。,巻号：第1輯第3編,農学生命科学図書館コレクション,東京大学農学生命科学図書館,東京大学農学生命科学図書館,20,CC BY 4.0,http://creativecommons.org/licenses/by/4.0/,https://da.dl.itc.u-tokyo.ac.jp/portal/assets/e443b3ea-830a-907d-42a9-cb4036f27a96,https://da.dl.itc.u-tokyo.ac.jp/portal/repo/iiif/e443b3ea-830a-907d-42a9-cb4036f27a96/manifest,right-to-left,"https://iiif.dl.itc.u-tokyo.ac.jp/iiif/agri_waso20201006_re/07_gunbozuhu_03/004.tif/full/!1000,1000/0/default.jpg","https://iiif.dl.itc.u-tokyo.ac.jp/iiif/agri_waso20201006_re/07_gunbozuhu_03/004.tif/full/!400,400/0/default.jpg",https://iiif.dl.itc.u-tokyo.ac.jp/iiif/agri_waso20201006_re/07_gunbozuhu_03/004.tif/full/max/0/default.jpg,「群芳圖譜 第1輯第3編」の図版（4コマ目）,image/jpeg,iiif,農学生命科学図書館
agri_2da73342,,群芳圖譜 第1輯第2編,グンボウ ズフ,,"和田英作,佐藤醇吉著",1919-1920,1919,大正,図書,1冊,613:87:2,さまざまな花の図譜です。それぞれの植物についてカラー図版、モノクロ図版、解説文で構成されています。本書のカラー図版は他の図譜（例えば農商務省による図譜）と比べて色彩が淡く、絵画的な構図で描かれているのが特徴です。一方、モノクロ図版は全体像に加え細部を分解して描かれており、解説文と合わせて図譜（図鑑）としての役割を果たしていると言えるでしょう。各輯の序文を森林太郎（鴎外）はじめ当時の文化人が執筆し、興趣を添えています。なお、当館では第１輯の第１編～第10編 計10冊を所蔵していますが、第2輯以降は刊行されなかったと思われます。,巻号：第1輯第2編,農学生命科学図書館コレクション,東京大学農学生命科学図書館,東京大学農学生命科学図書館,21,CC BY 4.0,http://creativecommons.org/licenses/by/4.0/,https://da.dl.itc.u-tokyo.ac.jp/portal/assets/2da73342-76a3-0edc-8b07-d866f06d5ea3,https://da.dl.itc.u-tokyo.ac.jp/portal/repo/iiif/2da73342-76a3-0edc-8b07-d866f06d5ea3/manifest,right-to-left,"https://iiif.dl.itc.u-tokyo.ac.jp/iiif/agri_waso20201006_re/06_gunbozuhu_02/011.tif/full/!1000,1000/0/default.jpg","https://iiif.dl.itc.u-tokyo.ac.jp/iiif/agri_waso20201006_re/06_gunbozuhu_02/011.tif/full/!400,400/0/default.jpg",https://iiif.dl.itc.u-tokyo.ac.jp/iiif/agri_waso20201006_re/06_gunbozuhu_02/011.tif/full/max/0/default.jpg,「群芳圖譜 第1輯第2編」の図版（11コマ目）,image/jpeg,iiif,農学生命科学図書館
agri_30c60644,,群芳圖譜 第1輯第5編,グンボウ ズフ,,"和田英作,佐藤醇吉著",1919-1920,1919,大正,図書,1冊,613:87:5,さまざまな花の図譜です。それぞれの植物についてカラー図版、モノクロ図版、解説文で構成されています。本書のカラー図版は他の図譜（例えば農商務省による図譜）と比べて色彩が淡く、絵画的な構図で描かれているのが特徴です。一方、モノクロ図版は全体像に加え細部を分解して描かれており、解説文と合わせて図譜（図鑑）としての役割を果たしていると言えるでしょう。各輯の序文を森林太郎（鴎外）はじめ当時の文化人が執筆し、興趣を添えています。なお、当館では第１輯の第１編～第10編 計10冊を所蔵していますが、第2輯以降は刊行されなかったと思われます。,巻号：第1輯第5編,農学生命科学図書館コレクション,東京大学農学生命科学図書館,東京大学農学生命科学図書館,22,CC BY 4.0,http://creativecommons.org/licenses/by/4.0/,https://da.dl.itc.u-tokyo.ac.jp/portal/assets/30c60644-40b8-a0d3-9231-3b6320c7843e,https://da.dl.itc.u-tokyo.ac.jp/portal/repo/iiif/30c60644-40b8-a0d3-9231-3b6320c7843e/manifest,right-to-left,"https://iiif.dl.itc.u-tokyo.ac.jp/iiif/agri_waso20201006_re/09_gunbozuhu_05/004.tif/full/!1000,1000/0/default.jpg","https://iiif.dl.itc.u-tokyo.ac.jp/iiif/agri_waso20201006_re/09_gunbozuhu_05/004.tif/full/!400,400/0/default.jpg",https://iiif.dl.itc.u-tokyo.ac.jp/iiif/agri_waso20201006_re/09_gunbozuhu_05/004.tif/full/max/0/default.jpg,「群芳圖譜 第1輯第5編」の図版（4コマ目）,image/jpeg,iiif,農学生命科学図書館
agri_0717b584,,群芳圖譜 第1輯第7編,グンボウ ズフ,,"和田英作,佐藤醇吉著",1919-1920,1919,大正,図書,1冊,613:87:7,さまざまな花の図譜です。それぞれの植物についてカラー図版、モノクロ図版、解説文で構成されています。本書のカラー図版は他の図譜（例えば農商務省による図譜）と比べて色彩が淡く、絵画的な構図で描かれているのが特徴です。一方、モノクロ図版は全体像に加え細部を分解して描かれており、解説文と合わせて図譜（図鑑）としての役割を果たしていると言えるでしょう。各輯の序文を森林太郎（鴎外）はじめ当時の文化人が執筆し、興趣を添えています。なお、当館では第１輯の第１編～第10編 計10冊を所蔵していますが、第2輯以降は刊行されなかったと思われます。,巻号：第1輯第7編,農学生命科学図書館コレクション,東京大学農学生命科学図書館,東京大学農学生命科学図書館,20,CC BY 4.0,http://creativecommons.org/licenses/by/4.0/,https://da.dl.itc.u-tokyo.ac.jp/portal/assets/0717b584-7f27-70c4-70e9-0dfc7ed28f77,https://da.dl.itc.u-tokyo.ac.jp/portal/repo/iiif/0717b584-7f27-70c4-70e9-0dfc7ed28f77/manifest,right-to-left,"https://iiif.dl.itc.u-tokyo.ac.jp/iiif/agri_waso20201006_re/11_gunbozuhu_07/004.tif/full/!1000,1000/0/default.jpg","https://iiif.dl.itc.u-tokyo.ac.jp/iiif/agri_waso20201006_re/11_gunbozuhu_07/004.tif/full/!400,400/0/default.jpg",https://iiif.dl.itc.u-tokyo.ac.jp/iiif/agri_waso20201006_re/11_gunbozuhu_07/004.tif/full/max/0/default.jpg,「群芳圖譜 第1輯第7編」の図版（4コマ目）,image/jpeg,iiif,農学生命科学図書館
agri_a2af6812,,群芳圖譜 第1輯第1編,グンボウ ズフ,,"和田英作,佐藤醇吉著",1919-1920,1919,大正,図書,1冊,613:87:1,さまざまな花の図譜です。それぞれの植物についてカラー図版、モノクロ図版、解説文で構成されています。本書のカラー図版は他の図譜（例えば農商務省による図譜）と比べて色彩が淡く、絵画的な構図で描かれているのが特徴です。一方、モノクロ図版は全体像に加え細部を分解して描かれており、解説文と合わせて図譜（図鑑）としての役割を果たしていると言えるでしょう。各輯の序文を森林太郎（鴎外）はじめ当時の文化人が執筆し、興趣を添えています。なお、当館では第１輯の第１編～第10編 計10冊を所蔵していますが、第2輯以降は刊行されなかったと思われます。,巻号：第1輯第1編,農学生命科学図書館コレクション,東京大学農学生命科学図書館,東京大学農学生命科学図書館,22,CC BY 4.0,http://creativecommons.org/licenses/by/4.0/,https://da.dl.itc.u-tokyo.ac.jp/portal/assets/a2af6812-7fd8-2cf2-759d-11fff8990e95,https://da.dl.itc.u-tokyo.ac.jp/portal/repo/iiif/a2af6812-7fd8-2cf2-759d-11fff8990e95/manifest,right-to-left,"https://iiif.dl.itc.u-tokyo.ac.jp/iiif/agri_waso20201006_re/05_gunbozuhu_01/005.tif/full/!1000,1000/0/default.jpg","https://iiif.dl.itc.u-tokyo.ac.jp/iiif/agri_waso20201006_re/05_gunbozuhu_01/005.tif/full/!400,400/0/default.jpg",https://iiif.dl.itc.u-tokyo.ac.jp/iiif/agri_waso20201006_re/05_gunbozuhu_01/005.tif/full/max/0/default.jpg,「群芳圖譜 第1輯第1編」の図版（5コマ目）,image/jpeg,iiif,農学生命科学図書館
agri_97a6ecb3,,群芳圖譜 第1輯第9編,グンボウ ズフ,,"和田英作,佐藤醇吉著",1919-1920,1919,大正,図書,1冊,613:87:9,さまざまな花の図譜です。それぞれの植物についてカラー図版、モノクロ図版、解説文で構成されています。本書のカラー図版は他の図譜（例えば農商務省による図譜）と比べて色彩が淡く、絵画的な構図で描かれているのが特徴です。一方、モノクロ図版は全体像に加え細部を分解して描かれており、解説文と合わせて図譜（図鑑）としての役割を果たしていると言えるでしょう。各輯の序文を森林太郎（鴎外）はじめ当時の文化人が執筆し、興趣を添えています。なお、当館では第１輯の第１編～第10編 計10冊を所蔵していますが、第2輯以降は刊行されなかったと思われます。,注記：後半部分欠損;巻号：第1輯第9編,農学生命科学図書館コレクション,東京大学農学生命科学図書館,東京大学農学生命科学図書館,9,CC BY 4.0,http://creativecommons.org/licenses/by/4.0/,https://da.dl.itc.u-tokyo.ac.jp/portal/assets/97a6ecb3-5cb2-08c3-0d4f-e057b8f2258b,https://da.dl.itc.u-tokyo.ac.jp/portal/repo/iiif/97a6ecb3-5cb2-08c3-0d4f-e057b8f2258b/manifest,right-to-left,"https://iiif.dl.itc.u-tokyo.ac.jp/iiif/agri_waso20201006_re/13_gunbozuhu_09/003.tif/full/!1000,1000/0/default.jpg","https://iiif.dl.itc.u-tokyo.ac.jp/iiif/agri_waso20201006_re/13_gunbozuhu_09/003.tif/full/!400,400/0/default.jpg",https://iiif.dl.itc.u-tokyo.ac.jp/iiif/agri_waso20201006_re/13_gunbozuhu_09/003.tif/full/max/0/default.jpg,「群芳圖譜 第1輯第9編」の図版（3コマ目）,image/jpeg,iiif,農学生命科学図書館
agri_6d032fb5,,東京帝國大學農學部建物位置圖,トウキョウ テイコク ダイガク ノウガクブ タテモノ イチ ズ,東京帝國大學農學部建物位置圖 : 大正十一年四月一日現在;東京帝国大学農学部建物位置図 : 大正11年4月1日現在,[東京帝國大學農學部],[大正11(1922)],1922,大正,地図,地図1枚 + 付図1枚,和:26,大正11(1922)年の駒場キャンパスの構内図です。当時、農学部は駒場にありました。この図では建物に番号が振られ、番号と建物名称の表が付いています。圃場を含む敷地全体が描かれており、現在の駒場キャンパスよりも広い敷地だったことがわかります。 参照：現在の駒場地区キャンパスマップ https://www.u-tokyo.ac.jp/ja/about/campus-guide/map02_01.html,"縮尺: 1:600書名上部に""東京府荏原郡目黒村、世田谷村豊多摩郡代々幡町、澁谷町""とあり",農学生命科学図書館コレクション,東京大学農学生命科学図書館,東京大学農学生命科学図書館,29,CC BY 4.0,http://creativecommons.org/licenses/by/4.0/,https://da.dl.itc.u-tokyo.ac.jp/portal/assets/6d032fb5-0a2f-6e04-9e3c-6bb5f604714f,https://da.dl.itc.u-tokyo.ac.jp/portal/repo/iiif/6d032fb5-0a2f-6e04-9e3c-6bb5f604714f/manifest,right-to-left,"https://iiif.dl.itc.u-tokyo.ac.jp/iiif/agriculture_re/nou_tatemonoichizu/0004.tif/full/!1000,1000/0/default.jpg","https://iiif.dl.itc.u-tokyo.ac.jp/iiif/agriculture_re/nou_tatemonoichizu/0004.tif/full/!400,400/0/default.jpg",https://iiif.dl.itc.u-tokyo.ac.jp/iiif/agriculture_re/nou_tatemonoichizu/0004.tif/full/max/0/default.jpg,「東京帝國大學農學部建物位置圖」の図版（4コマ目）,image/jpeg,iiif,農学生命科学図書館
agri_187cc82d,,東京帝國大學本部構内及農學部建物鳥瞰圖,トウキョウ テイコク ダイガク ホンブ コウナイ オヨビ ノウガクブ タテモノ チョウカン ズ,東京帝國大學本部構内及農學部建物鳥瞰圖 : 昭和十二年六月卅日現在;東京帝国大学本部構内及農学部建物鳥瞰図 : 昭和12年6月30日現在,[東京帝國大學],[昭和12(1937)],1937,昭和,地図,地図1枚,和:27,昭和12(1937)年の本郷キャンパスの構内図です。農学部の本郷移転（昭和10年）から2年後にあたり、当時の状況がわかります。建物等が立体的に描かれ、キャンパス内に点在する銅像なども書き込まれています。なお、この図は印刷されたものであり、総合図書館にも同一のものが存在しますが、当館所蔵の図は彩色が鮮やかに残っており、貴重と考えられます。 参照：現在の本郷地区キャンパスマップ https://www.u-tokyo.ac.jp/ja/about/campus-guide/map01_01.html,"枠外に""東京印刷株式會社印売""とあり",農学生命科学図書館コレクション,東京大学農学生命科学図書館,東京大学農学生命科学図書館,6,CC BY 4.0,http://creativecommons.org/licenses/by/4.0/,https://da.dl.itc.u-tokyo.ac.jp/portal/assets/187cc82d-11e6-9912-9dd4-b4cca9b10970,https://da.dl.itc.u-tokyo.ac.jp/portal/repo/iiif/187cc82d-11e6-9912-9dd4-b4cca9b10970/manifest,right-to-left,"https://iiif.dl.itc.u-tokyo.ac.jp/iiif/agriculture_re/nou_tatemonochokanzu/0002.tif/full/!1000,1000/0/default.jpg","https://iiif.dl.itc.u-tokyo.ac.jp/iiif/agriculture_re/nou_tatemonochokanzu/0002.tif/full/!400,400/0/default.jpg",https://iiif.dl.itc.u-tokyo.ac.jp/iiif/agriculture_re/nou_tatemonochokanzu/0002.tif/full/max/0/default.jpg,「東京帝國大學本部構内及農學部建物鳥瞰圖」の図版（2コマ目）,image/jpeg,iiif,農学生命科学図書館
agri_df8094b2,,禾本科植物彩色圖,カホンカ ショクブツ サイシキズ,,[書写者不明],[明治期],,年代不明,図書,1冊,613:63,書名からイネ科植物の図譜と推察できます。大学院農学生命科学研究科・農学部の前身組織、東京農林学校（明治19年7月設立、明治23年6月に農科大学に改組）で作成されたものと考えられます。表紙裏に「ソワーベー氏英國植物類集及ローウェー氏英國牧草書寫」とあり、James Sowerby著「English botany」及びE. J. Lowe著「A natural history of British grasses」から抜粋して模写したと思われますが、模写した人物は不明です。,,農学生命科学図書館コレクション,東京大学農学生命科学図書館,東京大学農学生命科学図書館,162,CC BY 4.0,http://creativecommons.org/licenses/by/4.0/,https://da.dl.itc.u-tokyo.ac.jp/portal/assets/df8094b2-597f-5dcf-6c06-28af31a74c49,https://da.dl.itc.u-tokyo.ac.jp/portal/repo/iiif/df8094b2-597f-5dcf-6c06-28af31a74c49/manifest,right-to-left,"https://iiif.dl.itc.u-tokyo.ac.jp/iiif/agri_waso_re/C_kahonka/004.tif/full/!1000,1000/0/default.jpg","https://iiif.dl.itc.u-tokyo.ac.jp/iiif/agri_waso_re/C_kahonka/004.tif/full/!400,400/0/default.jpg",https://iiif.dl.itc.u-tokyo.ac.jp/iiif/agri_waso_re/C_kahonka/004.tif/full/max/0/default.jpg,「禾本科植物彩色圖」の図版（4コマ目）,image/jpeg,iiif,農学生命科学図書館
agri_b4814f58,,莎草冩圖,サソウ シャズ,,[書写者不明],[書写年不明],,年代不明,図書,1冊,613:46,書名からカヤツリグサ科植物の図譜と推察できます。一部のページには、学名などを記した付箋が挟み込まれています。作成者などは不明です。蔵書票から、もともと農商務省の蔵書だったものが、大学院農学生命科学研究科・農学部の前身組織、駒場農学校（明治15年5月設立、明治19年7月に東京農林学校に改組）へ引き継がれ、現在に至ると考えられます。,,農学生命科学図書館コレクション,東京大学農学生命科学図書館,東京大学農学生命科学図書館,50,CC BY 4.0,http://creativecommons.org/licenses/by/4.0/,https://da.dl.itc.u-tokyo.ac.jp/portal/assets/b4814f58-5ae1-481d-0cfa-6938aa3a7620,https://da.dl.itc.u-tokyo.ac.jp/portal/repo/iiif/b4814f58-5ae1-481d-0cfa-6938aa3a7620/manifest,right-to-left,"https://iiif.dl.itc.u-tokyo.ac.jp/iiif/agri_waso_re/E_sasoushazu/004.tif/full/!1000,1000/0/default.jpg","https://iiif.dl.itc.u-tokyo.ac.jp/iiif/agri_waso_re/E_sasoushazu/004.tif/full/!400,400/0/default.jpg",https://iiif.dl.itc.u-tokyo.ac.jp/iiif/agri_waso_re/E_sasoushazu/004.tif/full/max/0/default.jpg,「莎草冩圖」の図版（4コマ目）,image/jpeg,iiif,農学生命科学図書館
agri_7a3e0c92,,莎草類彩色圖,サソウルイ サイシキズ,,東京山林學校 [写],[明治期],,年代不明,図書,1冊,613:62,書名からカヤツリグサ科植物の図譜と推察できます。大学院農学生命科学研究科・農学部の前身組織、東京山林学校（明治15年5月設立、明治23年6月に農科大学に改組）で作成されたものと考えられますが、原本や模写した人物は不明です。,,農学生命科学図書館コレクション,東京大学農学生命科学図書館,東京大学農学生命科学図書館,80,CC BY 4.0,http://creativecommons.org/licenses/by/4.0/,https://da.dl.itc.u-tokyo.ac.jp/portal/assets/7a3e0c92-234b-1295-947b-d697d0d6955f,https://da.dl.itc.u-tokyo.ac.jp/portal/repo/iiif/7a3e0c92-234b-1295-947b-d697d0d6955f/manifest,right-to-left,"https://iiif.dl.itc.u-tokyo.ac.jp/iiif/agri_waso_re/B_sasouruisaishiki/004.tif/full/!1000,1000/0/default.jpg","https://iiif.dl.itc.u-tokyo.ac.jp/iiif/agri_waso_re/B_sasouruisaishiki/004.tif/full/!400,400/0/default.jpg",https://iiif.dl.itc.u-tokyo.ac.jp/iiif/agri_waso_re/B_sasouruisaishiki/004.tif/full/max/0/default.jpg,「莎草類彩色圖」の図版（4コマ目）,image/jpeg,iiif,農学生命科学図書館
agri_b6e42779,,葇荑科植物彩色圖 : 楊柳属白楊属,ジュウテイカ ショクブツ サイシキズ : ヨウリュウゾク ハクヨウゾク,,東京山林學校 [写],[明治期],,年代不明,図書,1冊,613:61,書名からヤナギ科ヤナギ属およびヤマナラシ属の花穂の図譜と推察できます。大学院農学生命科学研究科・農学部の前身組織、東京山林学校（明治15年5月に設立、明治23年6月に農科大学に改組）で作成されたものと考えられますが、原本や模写した人物は不明です。,,農学生命科学図書館コレクション,東京大学農学生命科学図書館,東京大学農学生命科学図書館,87,CC BY 4.0,http://creativecommons.org/licenses/by/4.0/,https://da.dl.itc.u-tokyo.ac.jp/portal/assets/b6e42779-162f-7bae-708c-bef438966890,https://da.dl.itc.u-tokyo.ac.jp/portal/repo/iiif/b6e42779-162f-7bae-708c-bef438966890/manifest,right-to-left,"https://iiif.dl.itc.u-tokyo.ac.jp/iiif/agri_waso_re/A_juuteika/004.tif/full/!1000,1000/0/default.jpg","https://iiif.dl.itc.u-tokyo.ac.jp/iiif/agri_waso_re/A_juuteika/004.tif/full/!400,400/0/default.jpg",https://iiif.dl.itc.u-tokyo.ac.jp/iiif/agri_waso_re/A_juuteika/004.tif/full/max/0/default.jpg,「葇荑科植物彩色圖 : 楊柳属白楊属」の図版（4コマ目）,image/jpeg,iiif,農学生命科学図書館
jitsu_8edec05c,,成宗実録 第1帙 第1冊 巻51乙未6年(1475)正月,,,,,1475,朝鮮時代,図書,,,,,成宗実録,ソウル大学校奎章閣韓国学研究院,東京大学総合図書館,1,CC0 1.0,https://creativecommons.org/publicdomain/zero/1.0/,https://da.dl.itc.u-tokyo.ac.jp/portal/assets/8edec05c-abbc-410f-a8ae-66d0ec72995c,https://da.dl.itc.u-tokyo.ac.jp/portal/repo/iiif/8edec05c-abbc-410f-a8ae-66d0ec72995c/manifest,right-to-left,"https://iiif.dl.itc.u-tokyo.ac.jp/iiif/jitsuroku/images/01010001.tif/full/!1000,1000/0/default.jpg","https://iiif.dl.itc.u-tokyo.ac.jp/iiif/jitsuroku/images/01010001.tif/full/!400,400/0/default.jpg",https://iiif.dl.itc.u-tokyo.ac.jp/iiif/jitsuroku/images/01010001.tif/full/max/0/default.jpg,「成宗実録 第1帙 第1冊 巻51乙未6年(1475)正月」の図版（1コマ目）,image/jpeg,iiif,朝鮮王朝実録
jitsu_0316e957,,成宗実録 第1帙 第1冊 巻52乙未6年(1475)2月,,,,,1475,朝鮮時代,図書,,,,,成宗実録,ソウル大学校奎章閣韓国学研究院,東京大学総合図書館,34,CC0 1.0,https://creativecommons.org/publicdomain/zero/1.0/,https://da.dl.itc.u-tokyo.ac.jp/portal/assets/0316e957-5179-4782-b4c2-c0297638f1a6,https://da.dl.itc.u-tokyo.ac.jp/portal/repo/iiif/0316e957-5179-4782-b4c2-c0297638f1a6/manifest,right-to-left,"https://iiif.dl.itc.u-tokyo.ac.jp/iiif/jitsuroku/images/01010036.tif/full/!1000,1000/0/default.jpg","https://iiif.dl.itc.u-tokyo.ac.jp/iiif/jitsuroku/images/01010036.tif/full/!400,400/0/default.jpg",https://iiif.dl.itc.u-tokyo.ac.jp/iiif/jitsuroku/images/01010036.tif/full/max/0/default.jpg,「成宗実録 第1帙 第1冊 巻52乙未6年(1475)2月」の図版（9コマ目）,image/jpeg,iiif,朝鮮王朝実録
jitsu_6d9db582,,成宗実録 第1帙 第1冊 巻53乙未6年(1475)3月,,,,,1475,朝鮮時代,図書,,,,,成宗実録,ソウル大学校奎章閣韓国学研究院,東京大学総合図書館,12,CC0 1.0,https://creativecommons.org/publicdomain/zero/1.0/,https://da.dl.itc.u-tokyo.ac.jp/portal/assets/6d9db582-7be8-468a-92b5-00cd2285051b,https://da.dl.itc.u-tokyo.ac.jp/portal/repo/iiif/6d9db582-7be8-468a-92b5-00cd2285051b/manifest,right-to-left,"https://iiif.dl.itc.u-tokyo.ac.jp/iiif/jitsuroku/images/01010064.tif/full/!1000,1000/0/default.jpg","https://iiif.dl.itc.u-tokyo.ac.jp/iiif/jitsuroku/images/01010064.tif/full/!400,400/0/default.jpg",https://iiif.dl.itc.u-tokyo.ac.jp/iiif/jitsuroku/images/01010064.tif/full/max/0/default.jpg,「成宗実録 第1帙 第1冊 巻53乙未6年(1475)3月」の図版（4コマ目）,image/jpeg,iiif,朝鮮王朝実録
jitsu_7eccfbd6,,成宗実録 第1帙 第1冊 巻54乙未6年(1475)4月,,,,,1475,朝鮮時代,図書,,,,,成宗実録,ソウル大学校奎章閣韓国学研究院,東京大学総合図書館,17,CC0 1.0,https://creativecommons.org/publicdomain/zero/1.0/,https://da.dl.itc.u-tokyo.ac.jp/portal/assets/7eccfbd6-347e-47d6-807f-e51ad56d240e,https://da.dl.itc.u-tokyo.ac.jp/portal/repo/iiif/7eccfbd6-347e-47d6-807f-e51ad56d240e/manifest,right-to-left,"https://iiif.dl.itc.u-tokyo.ac.jp/iiif/jitsuroku/images/01010077.tif/full/!1000,1000/0/default.jpg","https://iiif.dl.itc.u-tokyo.ac.jp/iiif/jitsuroku/images/01010077.tif/full/!400,400/0/default.jpg",https://iiif.dl.itc.u-tokyo.ac.jp/iiif/jitsuroku/images/01010077.tif/full/max/0/default.jpg,「成宗実録 第1帙 第1冊 巻54乙未6年(1475)4月」の図版（5コマ目）,image/jpeg,iiif,朝鮮王朝実録
jitsu_bd881fb8,,中宗実録 第10帙 第1冊 巻88戊戌33年(1538)8月-10月,,,,,1538,朝鮮時代,図書,,,,,中宗実録,ソウル大学校奎章閣韓国学研究院,東京大学総合図書館,67,CC0 1.0,https://creativecommons.org/publicdomain/zero/1.0/,https://da.dl.itc.u-tokyo.ac.jp/portal/assets/bd881fb8-fc44-45e3-873e-9895592a9532,https://da.dl.itc.u-tokyo.ac.jp/portal/repo/iiif/bd881fb8-fc44-45e3-873e-9895592a9532/manifest,right-to-left,"https://iiif.dl.itc.u-tokyo.ac.jp/iiif/jitsuroku/images/02230264.tif/full/!1000,1000/0/default.jpg","https://iiif.dl.itc.u-tokyo.ac.jp/iiif/jitsuroku/images/02230264.tif/full/!400,400/0/default.jpg",https://iiif.dl.itc.u-tokyo.ac.jp/iiif/jitsuroku/images/02230264.tif/full/max/0/default.jpg,「中宗実録 第10帙 第1冊 巻88戊戌33年(1538)8月-10月」の図版（17コマ目）,image/jpeg,iiif,朝鮮王朝実録
jitsu_cbdf5a5b,,中宗実録 第10帙 第1冊 巻89戊戌33年(1538)11月-己亥34年(1539)3月,,,,,1539,朝鮮時代,図書,,,,,中宗実録,ソウル大学校奎章閣韓国学研究院,東京大学総合図書館,72,CC0 1.0,https://creativecommons.org/publicdomain/zero/1.0/,https://da.dl.itc.u-tokyo.ac.jp/portal/assets/cbdf5a5b-4395-4698-8415-42d9ce98da05,https://da.dl.itc.u-tokyo.ac.jp/portal/repo/iiif/cbdf5a5b-4395-4698-8415-42d9ce98da05/manifest,right-to-left,"https://iiif.dl.itc.u-tokyo.ac.jp/iiif/jitsuroku/images/02230332.tif/full/!1000,1000/0/default.jpg","https://iiif.dl.itc.u-tokyo.ac.jp/iiif/jitsuroku/images/02230332.tif/full/!400,400/0/default.jpg",https://iiif.dl.itc.u-tokyo.ac.jp/iiif/jitsuroku/images/02230332.tif/full/max/0/default.jpg,「中宗実録 第10帙 第1冊 巻89戊戌33年(1538)11月-己亥34年(1539)3月」の図版（19コマ目）,image/jpeg,iiif,朝鮮王朝実録
jitsu_c19e66ca,,中宗実録 第10帙 第2冊 巻90己亥34年(1539)4月-5月,,,,,1539,朝鮮時代,図書,,,,,中宗実録,ソウル大学校奎章閣韓国学研究院,東京大学総合図書館,78,CC0 1.0,https://creativecommons.org/publicdomain/zero/1.0/,https://da.dl.itc.u-tokyo.ac.jp/portal/assets/c19e66ca-9908-49e6-8ffc-669c2da74e13,https://da.dl.itc.u-tokyo.ac.jp/portal/repo/iiif/c19e66ca-9908-49e6-8ffc-669c2da74e13/manifest,right-to-left,"https://iiif.dl.itc.u-tokyo.ac.jp/iiif/jitsuroku/images/02240405.tif/full/!1000,1000/0/default.jpg","https://iiif.dl.itc.u-tokyo.ac.jp/iiif/jitsuroku/images/02240405.tif/full/!400,400/0/default.jpg",https://iiif.dl.itc.u-tokyo.ac.jp/iiif/jitsuroku/images/02240405.tif/full/max/0/default.jpg,「中宗実録 第10帙 第2冊 巻90己亥34年(1539)4月-5月」の図版（20コマ目）,image/jpeg,iiif,朝鮮王朝実録
jitsu_bec028c0,,中宗実録 第10帙 第2冊 巻91己亥34年(1539)6月-9月,,,,,1539,朝鮮時代,図書,,,,,中宗実録,ソウル大学校奎章閣韓国学研究院,東京大学総合図書館,83,CC0 1.0,https://creativecommons.org/publicdomain/zero/1.0/,https://da.dl.itc.u-tokyo.ac.jp/portal/assets/bec028c0-c5ad-4d66-b4ab-de0474ef5b64,https://da.dl.itc.u-tokyo.ac.jp/portal/repo/iiif/bec028c0-c5ad-4d66-b4ab-de0474ef5b64/manifest,right-to-left,"https://iiif.dl.itc.u-tokyo.ac.jp/iiif/jitsuroku/images/02240483.tif/full/!1000,1000/0/default.jpg","https://iiif.dl.itc.u-tokyo.ac.jp/iiif/jitsuroku/images/02240483.tif/full/!400,400/0/default.jpg",https://iiif.dl.itc.u-tokyo.ac.jp/iiif/jitsuroku/images/02240483.tif/full/max/0/default.jpg,「中宗実録 第10帙 第2冊 巻91己亥34年(1539)6月-9月」の図版（21コマ目）,image/jpeg,iiif,朝鮮王朝実録
jitsu_b9892ce3,,宣祖実録 第1帙 第1冊 巻1目録、序、丁卯即位年(1567)7月-12月,,,,,1567,朝鮮時代,図書,,,,,宣祖実録,ソウル大学校奎章閣韓国学研究院,東京大学総合図書館,30,CC0 1.0,https://creativecommons.org/publicdomain/zero/1.0/,https://da.dl.itc.u-tokyo.ac.jp/portal/assets/b9892ce3-7751-4b8c-9ee7-dad04f2c8624,https://da.dl.itc.u-tokyo.ac.jp/portal/repo/iiif/b9892ce3-7751-4b8c-9ee7-dad04f2c8624/manifest,right-to-left,"https://iiif.dl.itc.u-tokyo.ac.jp/iiif/jitsuroku/images/03010010.tif/full/!1000,1000/0/default.jpg","https://iiif.dl.itc.u-tokyo.ac.jp/iiif/jitsuroku/images/03010010.tif/full/!400,400/0/default.jpg",https://iiif.dl.itc.u-tokyo.ac.jp/iiif/jitsuroku/images/03010010.tif/full/max/0/default.jpg,「宣祖実録 第1帙 第1冊 巻1目録、序、丁卯即位年(1567)7月-12月」の図版（10コマ目）,image/jpeg,iiif,朝鮮王朝実録
jitsu_51ed985b,,宣祖実録 第1帙 第1冊 巻2戊辰元年(1568),,,,,1568,朝鮮時代,図書,,,,,宣祖実録,ソウル大学校奎章閣韓国学研究院,東京大学総合図書館,32,CC0 1.0,https://creativecommons.org/publicdomain/zero/1.0/,https://da.dl.itc.u-tokyo.ac.jp/portal/assets/51ed985b-ab41-4204-854f-9db8488f2c13,https://da.dl.itc.u-tokyo.ac.jp/portal/repo/iiif/51ed985b-ab41-4204-854f-9db8488f2c13/manifest,right-to-left,"https://iiif.dl.itc.u-tokyo.ac.jp/iiif/jitsuroku/images/03010039.tif/full/!1000,1000/0/default.jpg","https://iiif.dl.itc.u-tokyo.ac.jp/iiif/jitsuroku/images/03010039.tif/full/!400,400/0/default.jpg",https://iiif.dl.itc.u-tokyo.ac.jp/iiif/jitsuroku/images/03010039.tif/full/max/0/default.jpg,「宣祖実録 第1帙 第1冊 巻2戊辰元年(1568)」の図版（9コマ目）,image/jpeg,iiif,朝鮮王朝実録
jitsu_c37579e6,,宣祖実録 第1帙 第2冊 巻3己巳2年(1569),,,,,1569,朝鮮時代,図書,,,,,宣祖実録,ソウル大学校奎章閣韓国学研究院,東京大学総合図書館,48,CC0 1.0,https://creativecommons.org/publicdomain/zero/1.0/,https://da.dl.itc.u-tokyo.ac.jp/portal/assets/c37579e6-8738-41fc-a306-12e71c4fd6a4,https://da.dl.itc.u-tokyo.ac.jp/portal/repo/iiif/c37579e6-8738-41fc-a306-12e71c4fd6a4/manifest,right-to-left,"https://iiif.dl.itc.u-tokyo.ac.jp/iiif/jitsuroku/images/03020075.tif/full/!1000,1000/0/default.jpg","https://iiif.dl.itc.u-tokyo.ac.jp/iiif/jitsuroku/images/03020075.tif/full/!400,400/0/default.jpg",https://iiif.dl.itc.u-tokyo.ac.jp/iiif/jitsuroku/images/03020075.tif/full/max/0/default.jpg,「宣祖実録 第1帙 第2冊 巻3己巳2年(1569)」の図版（13コマ目）,image/jpeg,iiif,朝鮮王朝実録
jitsu_81c23003,,宣祖実録 第1帙 第3冊 巻4庚午3年(1570),,,,,1570,朝鮮時代,図書,,,,,宣祖実録,ソウル大学校奎章閣韓国学研究院,東京大学総合図書館,25,CC0 1.0,https://creativecommons.org/publicdomain/zero/1.0/,https://da.dl.itc.u-tokyo.ac.jp/portal/assets/81c23003-531b-412b-8754-9011b315ddc4,https://da.dl.itc.u-tokyo.ac.jp/portal/repo/iiif/81c23003-531b-412b-8754-9011b315ddc4/manifest,right-to-left,"https://iiif.dl.itc.u-tokyo.ac.jp/iiif/jitsuroku/images/03030117.tif/full/!1000,1000/0/default.jpg","https://iiif.dl.itc.u-tokyo.ac.jp/iiif/jitsuroku/images/03030117.tif/full/!400,400/0/default.jpg",https://iiif.dl.itc.u-tokyo.ac.jp/iiif/jitsuroku/images/03030117.tif/full/max/0/default.jpg,「宣祖実録 第1帙 第3冊 巻4庚午3年(1570)」の図版（7コマ目）,image/jpeg,iiif,朝鮮王朝実録
ogura_4e4d1e44,,가[歌辭],カジ,가사,,,,朝鮮時代,図書,,,,"説明：1冊(26張). 寫本. 28×19.2cm. 巻末記:「경십이월이십일[庚子十二月二十三日]……」. 内容:화조연가[花鳥連歌], 악양누가[岳陽樓歌], 효우가[孝友歌], 화젼별곡[花田別曲], 계녀[戒女詞], 어부[漁父詞], 몽유가[夢遊歌].;登録番号(言語学研究室) ：(新)L174585;登録番号：4803809021;備考：東京外国語大学アジア・アフリカ言語文化研究所によるデジタル化",小倉文庫 [東京大学文学部],東京大学大学院人文社会系研究科・文学部言語学研究室,東京外国語大学アジア・アフリカ言語文化研究所,30,CC BY 4.0,http://creativecommons.org/licenses/by/4.0/,https://da.dl.itc.u-tokyo.ac.jp/portal/assets/4e4d1e44-0461-4c28-ab02-3a225d00a3c5,https://da.dl.itc.u-tokyo.ac.jp/portal/repo/iiif/4e4d1e44-0461-4c28-ab02-3a225d00a3c5/manifest,right-to-left,"https://iiif.dl.itc.u-tokyo.ac.jp/iiif/ogura/L174585/00000002.tif/full/!1000,1000/0/default.jpg","https://iiif.dl.itc.u-tokyo.ac.jp/iiif/ogura/L174585/00000002.tif/full/!400,400/0/default.jpg",https://iiif.dl.itc.u-tokyo.ac.jp/iiif/ogura/L174585/00000002.tif/full/max/0/default.jpg,「가[歌辭]」の図版（2コマ目）,image/jpeg,iiif,小倉文庫（言語学研究室）
ogura_6bc72db8,,금강션어[金剛仙語],コンゴウセンゴ,금강선어,,,,朝鮮時代,図書,,,,説明：1冊(50張). 寫本. 28.8×22cm. 表記:ハングル.;登録番号(言語学研究室) ：(新)L175277;登録番号：4803860230;備考：東京外国語大学アジア・アフリカ言語文化研究所によるデジタル化,小倉文庫 [東京大学文学部],東京大学大学院人文社会系研究科・文学部言語学研究室,東京外国語大学アジア・アフリカ言語文化研究所,52,CC BY 4.0,http://creativecommons.org/licenses/by/4.0/,https://da.dl.itc.u-tokyo.ac.jp/portal/assets/6bc72db8-abf1-4e83-a317-fd4224852822,https://da.dl.itc.u-tokyo.ac.jp/portal/repo/iiif/6bc72db8-abf1-4e83-a317-fd4224852822/manifest,right-to-left,"https://iiif.dl.itc.u-tokyo.ac.jp/iiif/ogura/L175277/00000001.tif/full/!1000,1000/0/default.jpg","https://iiif.dl.itc.u-tokyo.ac.jp/iiif/ogura/L175277/00000001.tif/full/!400,400/0/default.jpg",https://iiif.dl.itc.u-tokyo.ac.jp/iiif/ogura/L175277/00000001.tif/full/max/0/default.jpg,「금강션어[金剛仙語]」の図版（1コマ目）,image/jpeg,iiif,小倉文庫（言語学研究室）
ogura_5f1ba74f,,소학언초[小學諺抄],ショウガクゲンショウ,소학언초,,,,朝鮮時代,図書,,,,説明：1冊(47張). 寫本. 32.6×22cm.;登録番号(言語学研究室) ：(新)L174947;登録番号：4803856808;備考：東京外国語大学アジア・アフリカ言語文化研究所によるデジタル化,小倉文庫 [東京大学文学部],東京大学大学院人文社会系研究科・文学部言語学研究室,東京外国語大学アジア・アフリカ言語文化研究所,49,CC BY 4.0,http://creativecommons.org/licenses/by/4.0/,https://da.dl.itc.u-tokyo.ac.jp/portal/assets/5f1ba74f-30f9-4d2c-9c24-6daed7057aeb,https://da.dl.itc.u-tokyo.ac.jp/portal/repo/iiif/5f1ba74f-30f9-4d2c-9c24-6daed7057aeb/manifest,right-to-left,"https://iiif.dl.itc.u-tokyo.ac.jp/iiif/ogura/L174947/00000013.tif/full/!1000,1000/0/default.jpg","https://iiif.dl.itc.u-tokyo.ac.jp/iiif/ogura/L174947/00000013.tif/full/!400,400/0/default.jpg",https://iiif.dl.itc.u-tokyo.ac.jp/iiif/ogura/L174947/00000013.tif/full/max/0/default.jpg,「소학언초[小學諺抄]」の図版（13コマ目）,image/jpeg,iiif,小倉文庫（言語学研究室）
ogura_719c92aa,,(諺解)胎産集要,タイサンシュウヨウ,태산집요,,,,朝鮮時代,図書,,,,"説明：許浚奉教撰. 1冊(目錄5, 76張). 寫本. 32.5×23.3cm. 底本:萬暦36年(1608)内醫院刊本.;登録番号(言語学研究室) ：(新)L174470;登録番号：4803807868;索引：\index{きょしゅん＠許浚};備考：東京外国語大学アジア・アフリカ言語文化研究所によるデジタル化",小倉文庫 [東京大学文学部],東京大学大学院人文社会系研究科・文学部言語学研究室,東京外国語大学アジア・アフリカ言語文化研究所,85,CC BY 4.0,http://creativecommons.org/licenses/by/4.0/,https://da.dl.itc.u-tokyo.ac.jp/portal/assets/719c92aa-1e14-4ec5-b3f5-3304b43acc92,https://da.dl.itc.u-tokyo.ac.jp/portal/repo/iiif/719c92aa-1e14-4ec5-b3f5-3304b43acc92/manifest,right-to-left,"https://iiif.dl.itc.u-tokyo.ac.jp/iiif/ogura/L174470/00000002.tif/full/!1000,1000/0/default.jpg","https://iiif.dl.itc.u-tokyo.ac.jp/iiif/ogura/L174470/00000002.tif/full/!400,400/0/default.jpg",https://iiif.dl.itc.u-tokyo.ac.jp/iiif/ogura/L174470/00000002.tif/full/max/0/default.jpg,「(諺解)胎産集要」の図版（2コマ目）,image/jpeg,iiif,小倉文庫（言語学研究室）
ogura_31e0f815,,셩훈몽젼[大聖訓蒙傳],タイセイクンモウデン,대성훈몽전,,,,朝鮮時代,図書,,,,説明：1冊(27張). 寫本. 32.1×21.2cm.;登録番号(言語学研究室) ：(新)L174468;登録番号：4803807843;備考：東京外国語大学アジア・アフリカ言語文化研究所によるデジタル化,小倉文庫 [東京大学文学部],東京大学大学院人文社会系研究科・文学部言語学研究室,東京外国語大学アジア・アフリカ言語文化研究所,30,CC BY 4.0,http://creativecommons.org/licenses/by/4.0/,https://da.dl.itc.u-tokyo.ac.jp/portal/assets/31e0f815-d877-46b7-bb0a-76c1c09c1248,https://da.dl.itc.u-tokyo.ac.jp/portal/repo/iiif/31e0f815-d877-46b7-bb0a-76c1c09c1248/manifest,right-to-left,"https://iiif.dl.itc.u-tokyo.ac.jp/iiif/ogura/L174468/00000001.tif/full/!1000,1000/0/default.jpg","https://iiif.dl.itc.u-tokyo.ac.jp/iiif/ogura/L174468/00000001.tif/full/!400,400/0/default.jpg",https://iiif.dl.itc.u-tokyo.ac.jp/iiif/ogura/L174468/00000001.tif/full/max/0/default.jpg,「셩훈몽젼[大聖訓蒙傳]」の図版（1コマ目）,image/jpeg,iiif,小倉文庫（言語学研究室）
ogura_83a81497,,中庸諺解,チュウヨウゲンカイ,중용언해,,,,朝鮮時代,図書,,,,"説明：[宣祖命撰.] 1冊(31張). 木版本. 31×20.7cm. 四周單邊, 半郭23.9×17.3cm, 有界13行28字, 上黑魚尾. 版心題:中庸章句諺解.;登録番号(言語学研究室) ：(新)L174431;登録番号：4803807504;索引：\index{せんそ＠宣祖};備考：東京外国語大学アジア・アフリカ言語文化研究所によるデジタル化",小倉文庫 [東京大学文学部],東京大学大学院人文社会系研究科・文学部言語学研究室,東京外国語大学アジア・アフリカ言語文化研究所,33,CC BY 4.0,http://creativecommons.org/licenses/by/4.0/,https://da.dl.itc.u-tokyo.ac.jp/portal/assets/83a81497-dc0a-4093-885a-9ae87a5dd112,https://da.dl.itc.u-tokyo.ac.jp/portal/repo/iiif/83a81497-dc0a-4093-885a-9ae87a5dd112/manifest,right-to-left,"https://iiif.dl.itc.u-tokyo.ac.jp/iiif/ogura/L174431/00000009.tif/full/!1000,1000/0/default.jpg","https://iiif.dl.itc.u-tokyo.ac.jp/iiif/ogura/L174431/00000009.tif/full/!400,400/0/default.jpg",https://iiif.dl.itc.u-tokyo.ac.jp/iiif/ogura/L174431/00000009.tif/full/max/0/default.jpg,「中庸諺解」の図版（9コマ目）,image/jpeg,iiif,小倉文庫（言語学研究室）
ogura_60df1b75,,中庸諺解,チュウヨウゲンカイ,중용언해,,,,朝鮮時代,図書,,,,"説明：[宣祖命撰.] 全州 河慶龍刊. 1冊(61張). 木版本. 33.4×21.3cm. 四周雙邊, 半郭23×16.7cm, 有界10行17字, 上下花紋魚尾. 刊記:歳庚午仲春開刊 全州府 河慶龍藏版. 印記:篠田藏書.;登録番号(言語学研究室) ：(新)L174433;登録番号：4803807520;索引：\index{せんそ＠宣祖};備考：東京外国語大学アジア・アフリカ言語文化研究所によるデジタル化",小倉文庫 [東京大学文学部],東京大学大学院人文社会系研究科・文学部言語学研究室,東京外国語大学アジア・アフリカ言語文化研究所,64,CC BY 4.0,http://creativecommons.org/licenses/by/4.0/,https://da.dl.itc.u-tokyo.ac.jp/portal/assets/60df1b75-26c7-40b9-a9a1-5b891edb7bc9,https://da.dl.itc.u-tokyo.ac.jp/portal/repo/iiif/60df1b75-26c7-40b9-a9a1-5b891edb7bc9/manifest,right-to-left,"https://iiif.dl.itc.u-tokyo.ac.jp/iiif/ogura/L174433/00000017.tif/full/!1000,1000/0/default.jpg","https://iiif.dl.itc.u-tokyo.ac.jp/iiif/ogura/L174433/00000017.tif/full/!400,400/0/default.jpg",https://iiif.dl.itc.u-tokyo.ac.jp/iiif/ogura/L174433/00000017.tif/full/max/0/default.jpg,「中庸諺解」の図版（17コマ目）,image/jpeg,iiif,小倉文庫（言語学研究室）
ogura_5c1cb83b,,(諺解)痘瘡集要,トウソウシュウヨウ,두창집요,,,,朝鮮時代,図書,,,,説明：許浚奉教撰. 2巻1冊(62張). 寫本. 28.8×19.8cm. 外題:諺解痘瘡集.;登録番号(言語学研究室) ：(新)L174495;登録番号：4803808114;索引：\index{きょしゅん＠許浚};備考：東京外国語大学アジア・アフリカ言語文化研究所によるデジタル化,小倉文庫 [東京大学文学部],東京大学大学院人文社会系研究科・文学部言語学研究室,東京外国語大学アジア・アフリカ言語文化研究所,67,CC BY 4.0,http://creativecommons.org/licenses/by/4.0/,https://da.dl.itc.u-tokyo.ac.jp/portal/assets/5c1cb83b-4a7c-4510-a76b-a1d0136d12b7,https://da.dl.itc.u-tokyo.ac.jp/portal/repo/iiif/5c1cb83b-4a7c-4510-a76b-a1d0136d12b7/manifest,right-to-left,"https://iiif.dl.itc.u-tokyo.ac.jp/iiif/ogura/L174495/00000002.tif/full/!1000,1000/0/default.jpg","https://iiif.dl.itc.u-tokyo.ac.jp/iiif/ogura/L174495/00000002.tif/full/!400,400/0/default.jpg",https://iiif.dl.itc.u-tokyo.ac.jp/iiif/ogura/L174495/00000002.tif/full/max/0/default.jpg,「(諺解)痘瘡集要」の図版（2コマ目）,image/jpeg,iiif,小倉文庫（言語学研究室）
ogura_0318bc68,,(諺解)痘瘡集要 1,トウソウシュウヨウ,두창집요,,,,朝鮮時代,図書,,,,"説明：許浚奉教撰. 内醫院 萬暦36年(1608)刊. 2巻2冊. 木版本. 33.5×21.6cm. 四周單邊, 半郭23×17.2cm, 有界11行20字, 上下花紋魚尾. 下巻巻末數張版心側破損.;登録番号(言語学研究室) ：(新)L174496;登録番号：4803808122;索引：\index{きょしゅん＠許浚};備考：東京外国語大学アジア・アフリカ言語文化研究所によるデジタル化",小倉文庫 [東京大学文学部],東京大学大学院人文社会系研究科・文学部言語学研究室,東京外国語大学アジア・アフリカ言語文化研究所,80,CC BY 4.0,http://creativecommons.org/licenses/by/4.0/,https://da.dl.itc.u-tokyo.ac.jp/portal/assets/0318bc68-c269-4557-895b-e33b1bac443d,https://da.dl.itc.u-tokyo.ac.jp/portal/repo/iiif/0318bc68-c269-4557-895b-e33b1bac443d/manifest,right-to-left,"https://iiif.dl.itc.u-tokyo.ac.jp/iiif/ogura/23_L174496-7/00000021.tif/full/!1000,1000/0/default.jpg","https://iiif.dl.itc.u-tokyo.ac.jp/iiif/ogura/23_L174496-7/00000021.tif/full/!400,400/0/default.jpg",https://iiif.dl.itc.u-tokyo.ac.jp/iiif/ogura/23_L174496-7/00000021.tif/full/max/0/default.jpg,「(諺解)痘瘡集要 1」の図版（21コマ目）,image/jpeg,iiif,小倉文庫（言語学研究室）
ogura_5973c9c6,,(諺解)痘瘡集要 2,トウソウシュウヨウ,두창집요,,,,朝鮮時代,図書,,,,"説明：許浚奉教撰. 内醫院 萬暦36年(1608)刊. 2巻2冊. 木版本. 33.5×21.6cm. 四周單邊, 半郭23×17.2cm, 有界11行20字, 上下花紋魚尾. 下巻巻末數張版心側破損.;登録番号(言語学研究室) ：(新)L174497;登録番号：4803808130;索引：\index{きょしゅん＠許浚};備考：東京外国語大学アジア・アフリカ言語文化研究所によるデジタル化",小倉文庫 [東京大学文学部],東京大学大学院人文社会系研究科・文学部言語学研究室,東京外国語大学アジア・アフリカ言語文化研究所,78,CC BY 4.0,http://creativecommons.org/licenses/by/4.0/,https://da.dl.itc.u-tokyo.ac.jp/portal/assets/5973c9c6-4519-4360-92a0-b4b1332128b5,https://da.dl.itc.u-tokyo.ac.jp/portal/repo/iiif/5973c9c6-4519-4360-92a0-b4b1332128b5/manifest,right-to-left,"https://iiif.dl.itc.u-tokyo.ac.jp/iiif/ogura/23_L174496-7/00000100.tif/full/!1000,1000/0/default.jpg","https://iiif.dl.itc.u-tokyo.ac.jp/iiif/ogura/23_L174496-7/00000100.tif/full/!400,400/0/default.jpg",https://iiif.dl.itc.u-tokyo.ac.jp/iiif/ogura/23_L174496-7/00000100.tif/full/max/0/default.jpg,「(諺解)痘瘡集要 2」の図版（20コマ目）,image/jpeg,iiif,小倉文庫（言語学研究室）
ogura_a02c8a34,,(諺解圖像)童文先習,ドウブンセンシュウ,동문선습,,,,朝鮮時代,図書,,,,"説明：朴永鎭編修 權世鎭校正. 1冊(19張). 木版本. 26.5×18.4cm. 四周單邊, 半郭20.2×16cm, 有界8行16字, 上黑魚尾.;登録番号(言語学研究室) ：(新)L174466;登録番号：4803807827;索引：\index{ぼくえいちん＠朴永鎭};備考：東京外国語大学アジア・アフリカ言語文化研究所によるデジタル化",小倉文庫 [東京大学文学部],東京大学大学院人文社会系研究科・文学部言語学研究室,東京外国語大学アジア・アフリカ言語文化研究所,23,CC BY 4.0,http://creativecommons.org/licenses/by/4.0/,https://da.dl.itc.u-tokyo.ac.jp/portal/assets/a02c8a34-2e2a-48a6-bd83-e244e2cdf961,https://da.dl.itc.u-tokyo.ac.jp/portal/repo/iiif/a02c8a34-2e2a-48a6-bd83-e244e2cdf961/manifest,right-to-left,"https://iiif.dl.itc.u-tokyo.ac.jp/iiif/ogura/L174466/00000007.tif/full/!1000,1000/0/default.jpg","https://iiif.dl.itc.u-tokyo.ac.jp/iiif/ogura/L174466/00000007.tif/full/!400,400/0/default.jpg",https://iiif.dl.itc.u-tokyo.ac.jp/iiif/ogura/L174466/00000007.tif/full/max/0/default.jpg,「(諺解圖像)童文先習」の図版（7コマ目）,image/jpeg,iiif,小倉文庫（言語学研究室）
ogura_42888882,,문취[文趣],ブンシュ,문취,,,,朝鮮時代,図書,,,,説明：1冊(65張). 寫本. 27.4×18.8cm. 内容:書簡集. 識語(巻末): 「셰졍칠월일필셔타문의셔젹을두미오활라[歳在丁巳七月日畢書……]」.;登録番号(言語学研究室) ：(新)L174383;登録番号：4803807025;備考：東京外国語大学アジア・アフリカ言語文化研究所によるデジタル化,小倉文庫 [東京大学文学部],東京大学大学院人文社会系研究科・文学部言語学研究室,東京外国語大学アジア・アフリカ言語文化研究所,69,CC BY 4.0,http://creativecommons.org/licenses/by/4.0/,https://da.dl.itc.u-tokyo.ac.jp/portal/assets/42888882-6043-4700-839b-977721ad1e9c,https://da.dl.itc.u-tokyo.ac.jp/portal/repo/iiif/42888882-6043-4700-839b-977721ad1e9c/manifest,right-to-left,"https://iiif.dl.itc.u-tokyo.ac.jp/iiif/ogura/L174383/00000018.tif/full/!1000,1000/0/default.jpg","https://iiif.dl.itc.u-tokyo.ac.jp/iiif/ogura/L174383/00000018.tif/full/!400,400/0/default.jpg",https://iiif.dl.itc.u-tokyo.ac.jp/iiif/ogura/L174383/00000018.tif/full/max/0/default.jpg,「문취[文趣]」の図版（18コマ目）,image/jpeg,iiif,小倉文庫（言語学研究室）
local_chokanzu,,東京帝國大學本部構内及農學部建物鳥瞰圖（手元の画像から配信）,トウキョウ テイコク ダイガク ホンブ コウナイ オヨビ ノウガクブ タテモノ チョウカン ズ,東京帝國大學本部構内及農學部建物鳥瞰圖 : 昭和十二年六月卅日現在;東京帝国大学本部構内及農学部建物鳥瞰図 : 昭和12年6月30日現在,[東京帝國大學],[昭和12(1937)],1937,昭和,地図,地図1枚,和:27,昭和12(1937)年の本郷キャンパスの構内図です。農学部の本郷移転（昭和10年）から2年後にあたり、当時の状況がわかります。建物等が立体的に描かれ、キャンパス内に点在する銅像なども書き込まれています。なお、この図は印刷されたものであり、総合図書館にも同一のものが存在しますが、当館所蔵の図は彩色が鮮やかに残っており、貴重と考えられます。 参照：現在の本郷地区キャンパスマップ https://www.u-tokyo.ac.jp/ja/about/campus-guide/map01_01.html,"枠外に""東京印刷株式會社印売""とあり",農学生命科学図書館コレクション,東京大学農学生命科学図書館,東京大学農学生命科学図書館,1,CC BY 4.0,http://creativecommons.org/licenses/by/4.0/,https://da.dl.itc.u-tokyo.ac.jp/portal/assets/187cc82d-11e6-9912-9dd4-b4cca9b10970,,right-to-left,/objects/small/local_chokanzu_sm.jpg,/objects/thumbs/local_chokanzu_th.jpg,/objects/local_chokanzu.jpg,「東京帝國大學本部構内及農學部建物鳥瞰圖」の図版（2コマ目）,image/jpeg,iiif,農学生命科学図書館
local_gunpo09,,群芳圖譜 第1輯第9編（手元の画像から配信）,グンボウ ズフ,,"和田英作,佐藤醇吉著",1919-1920,1919,大正,図書,1冊,613:87:9,さまざまな花の図譜です。それぞれの植物についてカラー図版、モノクロ図版、解説文で構成されています。本書のカラー図版は他の図譜（例えば農商務省による図譜）と比べて色彩が淡く、絵画的な構図で描かれているのが特徴です。一方、モノクロ図版は全体像に加え細部を分解して描かれており、解説文と合わせて図譜（図鑑）としての役割を果たしていると言えるでしょう。各輯の序文を森林太郎（鴎外）はじめ当時の文化人が執筆し、興趣を添えています。なお、当館では第１輯の第１編～第10編 計10冊を所蔵していますが、第2輯以降は刊行されなかったと思われます。,注記：後半部分欠損;巻号：第1輯第9編,農学生命科学図書館コレクション,東京大学農学生命科学図書館,東京大学農学生命科学図書館,9,CC BY 4.0,http://creativecommons.org/licenses/by/4.0/,https://da.dl.itc.u-tokyo.ac.jp/portal/assets/97a6ecb3-5cb2-08c3-0d4f-e057b8f2258b,,right-to-left,/objects/small/local_gunpo09_01_sm.jpg,/objects/thumbs/local_gunpo09_01_th.jpg,,「群芳圖譜 第1輯第9編」の図版（3コマ目）,image/jpeg,iiif,農学生命科学図書館
local_gunpo09_01,local_gunpo09,群芳圖譜 第1輯第9編 第1コマ,,,,,,,,,,,,,,,,CC BY 4.0,http://creativecommons.org/licenses/by/4.0/,,,,/objects/small/local_gunpo09_01_sm.jpg,/objects/thumbs/local_gunpo09_01_th.jpg,/objects/local_gunpo09_01.jpg,群芳圖譜 第1輯第9編 第1コマ,image/jpeg,image,農学生命科学図書館
local_gunpo09_02,local_gunpo09,群芳圖譜 第1輯第9編 第2コマ,,,,,,,,,,,,,,,,CC BY 4.0,http://creativecommons.org/licenses/by/4.0/,,,,/objects/small/local_gunpo09_02_sm.jpg,/objects/thumbs/local_gunpo09_02_th.jpg,/objects/local_gunpo09_02.jpg,群芳圖譜 第1輯第9編 第2コマ,image/jpeg,image,農学生命科学図書館
local_gunpo09_03,local_gunpo09,群芳圖譜 第1輯第9編 第3コマ,,,,,,,,,,,,,,,,CC BY 4.0,http://creativecommons.org/licenses/by/4.0/,,,,/objects/small/local_gunpo09_03_sm.jpg,/objects/thumbs/local_gunpo09_03_th.jpg,/objects/local_gunpo09_03.jpg,群芳圖譜 第1輯第9編 第3コマ,image/jpeg,image,農学生命科学図書館
local_gunpo09_04,local_gunpo09,群芳圖譜 第1輯第9編 第4コマ,,,,,,,,,,,,,,,,CC BY 4.0,http://creativecommons.org/licenses/by/4.0/,,,,/objects/small/local_gunpo09_04_sm.jpg,/objects/thumbs/local_gunpo09_04_th.jpg,/objects/local_gunpo09_04.jpg,群芳圖譜 第1輯第9編 第4コマ,image/jpeg,image,農学生命科学図書館
local_gunpo09_05,local_gunpo09,群芳圖譜 第1輯第9編 第5コマ,,,,,,,,,,,,,,,,CC BY 4.0,http://creativecommons.org/licenses/by/4.0/,,,,/objects/small/local_gunpo09_05_sm.jpg,/objects/thumbs/local_gunpo09_05_th.jpg,/objects/local_gunpo09_05.jpg,群芳圖譜 第1輯第9編 第5コマ,image/jpeg,image,農学生命科学図書館
local_gunpo09_06,local_gunpo09,群芳圖譜 第1輯第9編 第6コマ,,,,,,,,,,,,,,,,CC BY 4.0,http://creativecommons.org/licenses/by/4.0/,,,,/objects/small/local_gunpo09_06_sm.jpg,/objects/thumbs/local_gunpo09_06_th.jpg,/objects/local_gunpo09_06.jpg,群芳圖譜 第1輯第9編 第6コマ,image/jpeg,image,農学生命科学図書館
local_gunpo09_07,local_gunpo09,群芳圖譜 第1輯第9編 第7コマ,,,,,,,,,,,,,,,,CC BY 4.0,http://creativecommons.org/licenses/by/4.0/,,,,/objects/small/local_gunpo09_07_sm.jpg,/objects/thumbs/local_gunpo09_07_th.jpg,/objects/local_gunpo09_07.jpg,群芳圖譜 第1輯第9編 第7コマ,image/jpeg,image,農学生命科学図書館
local_gunpo09_08,local_gunpo09,群芳圖譜 第1輯第9編 第8コマ,,,,,,,,,,,,,,,,CC BY 4.0,http://creativecommons.org/licenses/by/4.0/,,,,/objects/small/local_gunpo09_08_sm.jpg,/objects/thumbs/local_gunpo09_08_th.jpg,/objects/local_gunpo09_08.jpg,群芳圖譜 第1輯第9編 第8コマ,image/jpeg,image,農学生命科学図書館
local_gunpo09_09,local_gunpo09,群芳圖譜 第1輯第9編 第9コマ,,,,,,,,,,,,,,,,CC BY 4.0,http://creativecommons.org/licenses/by/4.0/,,,,/objects/small/local_gunpo09_09_sm.jpg,/objects/thumbs/local_gunpo09_09_th.jpg,/objects/local_gunpo09_09.jpg,群芳圖譜 第1輯第9編 第9コマ,image/jpeg,image,農学生命科学図書館
